chroma_mean_0,chroma_mean_1,chroma_mean_2,chroma_mean_3,chroma_mean_4,chroma_mean_5,chroma_mean_6,chroma_mean_7,chroma_mean_8,chroma_mean_9,chroma_mean_10,chroma_mean_11,chroma_std_0,chroma_std_1,chroma_std_2,chroma_std_3,chroma_std_4,chroma_std_5,chroma_std_6,chroma_std_7,chroma_std_8,chroma_std_9,chroma_std_10,chroma_std_11,mfccs_mean_0,mfccs_mean_1,mfccs_mean_2,mfccs_mean_3,mfccs_mean_4,mfccs_mean_5,mfccs_mean_6,mfccs_mean_7,mfccs_mean_8,mfccs_mean_9,mfccs_mean_10,mfccs_mean_11,mfccs_mean_12,mfccs_std_0,mfccs_std_1,mfccs_std_2,mfccs_std_3,mfccs_std_4,mfccs_std_5,mfccs_std_6,mfccs_std_7,mfccs_std_8,mfccs_std_9,mfccs_std_10,mfccs_std_11,mfccs_std_12,cent_mean,cent_std,cent_skew,contrast_mean_0,contrast_mean_1,contrast_mean_2,contrast_mean_3,contrast_mean_4,contrast_mean_5,contrast_mean_6,contrast_std_0,contrast_std_1,contrast_std_2,contrast_std_3,contrast_std_4,contrast_std_5,contrast_std_6,rolloff_mean,rolloff_std,rolloff_skew,zrate_mean,zrate_std,zrate_skew,tempo_0,singer
0.20006818,0.37352315,0.2039105,0.15667623,0.17261308,0.1570144,0.27809584,0.104953684,0.14314349,0.13106649,0.19168578,0.29656848,0.1723365,0.27624282,0.18624617,0.1476724,0.17996839,0.15155393,0.25494626,0.15465172,0.18290795,0.15595132,0.17397809,0.23310702,-341.39868,116.20017,-40.661762,-15.460032,-6.9786267,-25.88949,-10.01076,-12.300789,-21.781286,-11.320967,-7.1018715,-8.65724,-1.6689506,47.434284,24.287384,19.464296,13.287527,12.829786,12.820335,9.558004,8.094171,8.780065,12.885183,8.722621,10.275906,10.485909,1278.9417047266336,305.1269800863618,2.3178618217578273,21.57044541109186,23.431172596622243,31.312005471713498,28.1094431827992,26.07324025917956,25.124016966689034,49.53963735458549,4.358371090416334,4.938632994019745,5.275527392903737,4.649000205363904,3.91073842455511,4.382677186171495,3.686164818008215,2262.219778258702,626.6711254823739,1.1724158486713327,0.07265676932257675,0.022204166931041044,2.8036013472551486,117.1875,ΑΝΔΡΕΑΣ ΡΟ
0.35747674,0.30810905,0.07498131,0.19304651,0.30104294,0.14163744,0.0854973,0.0872977,0.23851429,0.32596183,0.14645949,0.36054862,0.15889639,0.19207326,0.101550154,0.14296569,0.14380892,0.114464544,0.110368624,0.09557845,0.22271,0.23499797,0.108018436,0.17234345,-279.56293,136.96428,-76.8496,2.2006493,-3.6014574,-20.551214,-7.496084,-17.101954,-21.22902,-12.808009,-3.2382476,4.01592,6.078161,33.06634,14.643523,11.168688,10.743837,9.262548,6.618859,6.841916,6.054513,6.815623,6.804755,8.477504,11.159557,9.643207,1572.4086653442278,216.44091224887785,2.213795269723948,24.650632464764726,22.979045881784284,28.192249519422944,27.331449924755056,24.391979323077962,25.264386656411002,52.728673758798344,4.199931392838959,4.9185861540767855,4.527679094526459,3.9562741605908998,3.503833301079113,2.829781944732616,2.4671878148950883,2635.597087427513,402.11176597352073,2.5369066984311126,0.09304375402706186,0.020545716722750712,0.16431180613098745,151.65441176470588,ΓΙΩΡΓΗΣ ΚΑ
0.19472316,0.10269929,0.089509375,0.24559627,0.108879365,0.06959906,0.041656565,0.20653978,0.45608887,0.26472405,0.52674073,0.300157,0.15607055,0.13359736,0.10704271,0.15466218,0.11729008,0.083801106,0.07048858,0.11697985,0.12032631,0.108854234,0.122849524,0.13427843,-248.84427,138.61848,-49.3859,27.079725,-23.579847,2.2560573,2.6243708,-21.55392,-13.906456,-9.749488,-7.5781217,-7.7113194,-4.7612157,56.08548,26.525846,10.968783,10.142468,11.383996,6.9502826,8.970404,7.1928353,6.6903577,6.95344,7.1534457,7.851897,8.441166,1539.2568385392033,390.8277104232411,-0.3356806754603032,23.967077191191734,25.86487544898998,29.129740788781245,26.446148098547372,24.086530080257756,25.273926684563026,53.322771662974276,4.105138977599268,4.161138425185863,4.501697075644621,3.4975346489842982,3.52003965999071,2.9210558715157084,5.358559429899423,2985.7611315637328,762.2151528863258,-0.8420989902781719,0.07249538487535709,0.02434915548768661,0.6876638860296775,143.22916666666666,ΘΑΝΑΣΗΣ ΣΚ
0.2242922,0.38068876,0.21053334,0.2966415,0.096470185,0.07217731,0.16927923,0.115071595,0.34892333,0.19700055,0.23075753,0.29542133,0.13109809,0.20422235,0.15889494,0.18638021,0.11643828,0.076584995,0.14600168,0.10558222,0.22793892,0.16456756,0.16172944,0.19747199,-253.48494,120.72805,-48.683586,9.369244,-23.480783,-11.087289,2.5894897,-17.157654,-12.075233,-1.7477798,-3.530138,4.439314,-2.756442,53.464397,23.092669,12.469471,8.46371,9.2593155,6.927683,8.0299635,7.3849535,7.262393,7.2736807,7.079234,8.440824,9.494888,1616.6812399727712,352.6191462265623,-1.1143788449029701,16.21457242587121,22.305154547108874,28.268782264376824,27.010324049482094,22.27011896525995,22.250428253236585,53.10837582917892,4.226594090052774,4.9829787665078005,5.075744448767034,4.169643445128794,3.5141416850984313,2.392547002141804,4.944047690736762,3065.4818667952554,697.171628113662,-1.3338983526285269,0.0763095203823123,0.019239960639486596,-1.0162436804969104,103.125,ΑΛΕΚΟΣ ΚΑΡ
0.22497316,0.2538874,0.37895423,0.30125636,0.2762671,0.13624768,0.08236724,0.15141223,0.0657576,0.41635546,0.31607136,0.16321933,0.18155503,0.10379332,0.19711919,0.14312054,0.15664937,0.12410219,0.0732737,0.10913211,0.08471972,0.145609,0.119748674,0.1368898,-245.90123,133.55035,-73.71529,19.174026,-10.714905,5.535394,10.879407,-21.29116,-11.2145405,-15.791686,-14.102158,-9.877198,-9.384784,36.97287,18.458992,15.478477,13.346646,13.59428,13.0515,8.985568,8.793328,6.849595,8.278387,11.062742,6.580966,7.920354,1508.9431467756954,286.2792971444657,2.7385591813194887,22.611704419239384,27.2184010885937,28.336070542637632,28.307329195551404,26.499249267218385,28.003368178589994,52.586278019702014,4.62222852943856,4.723837683624852,5.244288796493313,4.392572323955894,4.208062925911045,3.6128639358873724,2.764650041041063,2694.656385854223,562.2076161249648,1.6369806969999758,0.09077383315337059,0.026853284665749537,0.5442005818073617,234.375,ΣΤΕΛΙΟΣ ΦΟ
0.09307669,0.36971194,0.14696187,0.15158083,0.13825753,0.097242214,0.37292117,0.15720786,0.23983604,0.19499469,0.24379084,0.3276379,0.10294016,0.19106454,0.19081676,0.13751413,0.14558332,0.103679255,0.22532378,0.14604613,0.20200528,0.20232914,0.12302636,0.22814125,-276.9723,144.49303,-38.52305,7.3127937,-13.2069435,-18.53067,2.9925826,-17.299753,-11.944729,-3.445911,-1.9660605,4.1224623,1.2992268,36.431503,20.819069,13.500972,12.295981,10.083119,7.1040874,7.9145904,8.284434,7.100333,7.864154,9.205972,9.9019375,12.117563,1315.724546165127,307.3555381891157,1.0975423539682234,16.83184387022714,20.51291028172438,28.764275549595265,26.461362726128996,23.592542228057933,26.002246423257954,49.78825323680018,4.20080964330623,5.056090278856132,5.201673311148387,3.9901809589914405,3.675112374543872,3.0390715295408595,3.372141565916904,2440.7761625187127,712.8668284202964,0.6035693308924018,0.07080213071453248,0.019050614133133033,0.16663593052666867,214.84375,ΑΛΕΚΟΣ ΚΑΡ
0.24851924,0.33917028,0.10719858,0.16590014,0.26505113,0.06672938,0.13134277,0.22229211,0.38472158,0.38464057,0.19682805,0.32397044,0.12900193,0.15764192,0.124703914,0.12666449,0.13579026,0.09185926,0.1333087,0.13050884,0.116285816,0.14942226,0.11276228,0.13856556,-285.85626,158.77443,-54.060112,-1.8749729,9.014254,-13.235124,-6.8786173,-9.069448,-11.84918,-5.638716,-11.525589,-17.427406,-8.783674,71.86032,33.274788,24.1093,18.361197,10.533168,9.749804,7.638715,7.5042977,8.9734125,6.647558,8.286859,8.063879,7.1634846,1284.0215576896112,373.5770974031952,1.2657711494819344,27.494641508827893,21.09081389610959,25.010776911535935,24.6564772001943,25.772443096090417,24.81351585496537,50.538281160088545,4.618560198999907,5.016590137568286,4.934643631720383,4.061748810316754,4.452770917529722,3.5157599983107013,5.275546149854413,2222.8528116770126,682.5992867352093,0.7233101408588667,0.08178196570494733,0.02408295709326182,0.511267011025429,128.90625,ΓΙΩΡΓΗΣ ΚΑ
0.31534964,0.14068143,0.061211225,0.10036662,0.04738845,0.50669986,0.25733247,0.21801049,0.2389716,0.242714,0.31602514,0.14507578,0.15162088,0.15679389,0.08772304,0.11943971,0.0686165,0.1330745,0.12449769,0.19509862,0.20537502,0.108378395,0.19242114,0.14019205,-220.34389,111.56866,-36.666256,21.85701,0.09226924,6.6003766,-5.2199397,-7.236137,-8.459071,-10.182925,-13.243144,-8.666993,-1.1983231,64.20968,27.404446,13.127659,10.905304,7.2166963,7.5871935,9.021245,7.7408023,6.8313556,8.133637,9.514053,10.561486,10.205277,1739.4494623031858,465.7154750729996,-0.5955739375447979,21.832057167099943,25.574005851488344,30.72863380016582,29.68569051589027,30.265349372142108,25.65465931958348,52.59142898702489,3.7198000310698065,4.9950580870951224,5.1096952987972,4.485108770037644,4.714970380231935,3.620385322833985,6.008584591225945,3150.713453724443,908.9969678272129,-0.5223390429576756,0.09209676471327245,0.03445087323945582,-0.14860857863648672,103.125,ΔΕΡΜΙΤΖΟΓΙ
0.558635,0.15045811,0.14187562,0.17039277,0.22329435,0.15725197,0.03844323,0.13526958,0.10987038,0.31432894,0.24562359,0.2136152,0.18113288,0.11385016,0.172212,0.20379443,0.19767074,0.16680804,0.07017842,0.13334979,0.13684699,0.18847132,0.17787038,0.11168568,-327.89417,127.11496,-50.8498,10.172407,-2.094495,-16.603952,-5.494294,-13.592826,-11.83648,-10.429569,-11.7414465,-11.635289,-4.9396276,54.06453,24.362343,23.051506,16.340328,12.494323,10.089151,9.114925,7.94695,7.1392426,8.993294,10.734624,9.807635,9.829476,1412.3863738688724,372.68921210370354,0.2091940635461905,25.88088971487329,24.440509687772877,29.364605264505578,28.115286543798213,26.69922013092689,25.796474019097893,51.084847459632,4.488819381807513,4.864134116735607,5.563526512529782,4.798862579265299,4.618884866128015,4.043910342899967,4.502540859530538,2539.2486324213687,688.3254505430339,0.09235048154654395,0.08088765148280128,0.03364825898227425,0.9924467142832001,78.125,ΑΝΔΡΕΑΣ ΡΟ
0.39296612,0.24614859,0.2591709,0.18464395,0.15259737,0.28260174,0.0802949,0.19886993,0.167159,0.17658417,0.2858171,0.2439275,0.20941953,0.173898,0.15576515,0.17188239,0.12746595,0.21469231,0.124965586,0.12720507,0.16113771,0.14415507,0.2105013,0.14548239,-269.03763,167.5607,-26.013144,-50.6239,-6.8028626,-5.0654593,-21.596636,-32.061718,-25.757275,-12.975188,-11.83161,-4.178805,5.9513183,33.706703,24.501387,11.715372,9.701273,8.797791,6.799505,7.611507,7.3770094,6.8815384,8.699175,7.197682,7.5884223,8.872745,990.0675013964852,343.0268147959049,9.22932890797247,30.07784959071348,21.48117929917232,27.193202441600285,25.660595859247593,30.877272790544,24.57508335404341,45.11987462508453,5.629440034704177,5.356845252191425,5.070226938815804,4.033073591114517,4.068646014708204,3.3293937170656056,2.4146308221375157,1521.7919859398628,608.0688274218597,10.151186043207904,0.06719157800322786,0.03326367868022884,8.347659030593968,80.56640625,ΚΩΣΤΑΣ ΜΟΥ
0.36913815,0.15664165,0.18955648,0.11028749,0.24904862,0.2706729,0.09896559,0.3687469,0.2039402,0.22439443,0.16144218,0.1841199,0.19916031,0.12674461,0.1707192,0.121333346,0.15903299,0.23085698,0.08633571,0.23900555,0.15691324,0.17814206,0.20304964,0.1333959,-237.81346,109.3915,-40.139557,27.18641,0.37027743,10.5421505,-5.9558425,-0.6763498,-6.0745316,-11.904043,-8.441753,3.6892595,-1.1034282,59.49444,28.46996,15.493886,12.736898,11.484194,9.754059,10.956077,7.7905946,14.011158,11.250484,10.938446,12.680974,10.786827,1795.4682886245728,502.83327696002175,0.16751944622451506,22.064837170177178,24.932836591677216,28.741069312126832,28.070963119596936,27.15523887692447,23.69489026119163,51.835701792850124,4.352678768632821,5.535271284925552,5.407083329932228,4.7661147727038795,4.468661197300317,3.8358456970098413,5.405283834958373,3249.4590330477863,954.9662258894169,0.16781877171710088,0.08764318342805541,0.035899117697881636,0.14734270487761192,88.90086206896552,ΔΕΡΜΙΤΖΟΓΙ
0.17724545,0.37867984,0.21774347,0.21767688,0.11263009,0.201433,0.41785485,0.27930295,0.30878434,0.07223947,0.11849432,0.21915339,0.11355478,0.15906565,0.19181126,0.17093953,0.13469125,0.14522506,0.15633214,0.12592219,0.13376334,0.08282129,0.10918557,0.20221141,-239.371,161.5971,-35.46108,18.31903,-10.363593,-22.42244,-10.302563,-23.348724,-13.131919,-10.328837,-8.039458,-4.7202024,-5.905871,55.184875,30.688766,11.313907,6.3988385,5.4885054,6.535006,4.905558,6.700587,6.0200953,6.7026286,6.730866,7.555417,8.554062,1146.0674877464944,275.6906912472754,3.042523807507912,17.76489473245339,19.637634161921515,24.3208875834033,23.833126694298727,22.092163229527323,23.361676388534338,48.880095567976234,4.131174022535144,4.379196314158027,3.9643989145046197,3.7257432228351557,3.0171001420070933,3.0139335065763078,5.005069545838747,2114.221689797313,552.1043263498412,2.0021476140036345,0.05690898941854717,0.019346690436645348,3.9822497527920278,117.1875,ΝΙΚΟΛΑΟΣ Χ
0.18529388,0.20906492,0.0858945,0.22732984,0.04077645,0.13071948,0.18424352,0.3129404,0.61766446,0.28395012,0.12745579,0.11336086,0.1289243,0.16534983,0.07883283,0.13582817,0.08470475,0.1394302,0.15518194,0.16228062,0.13424225,0.12600215,0.1591645,0.12709069,-231.37761,126.01874,-41.10629,29.425938,-1.2589519,1.4025484,-4.087983,-8.630594,-6.6227646,-13.847375,-15.253296,-4.134334,-2.6160069,51.010414,29.902143,13.643665,10.149937,9.584273,7.7253833,8.154673,7.3017707,7.2144747,8.96652,10.532073,11.002317,10.440868,1654.7461889442434,394.68290048909427,0.6132165883875212,20.72594112304217,23.31505131929043,30.279093777635417,27.96081158406573,28.83833959475436,26.419148182393638,52.295938439997194,4.208371541984295,5.305352137836635,5.613246155246025,4.250803275851726,4.05674281736354,3.645309923682856,4.1105227373216,3032.935004797242,761.1327512358648,0.6494361232993132,0.089781097963507,0.03564383987957405,0.8963689234002843,112.09239130434783,ΔΕΡΜΙΤΖΟΓΙ
0.26684704,0.34179106,0.28229856,0.2355366,0.2862598,0.2898657,0.050056566,0.07324385,0.06806865,0.33343115,0.2880781,0.23660049,0.15948361,0.1786848,0.15702616,0.20042531,0.15060262,0.14270324,0.075811245,0.11426846,0.09934099,0.1457847,0.12543647,0.12908135,-313.6594,139.8655,-74.79096,11.764509,-0.502642,-15.804693,-4.3622584,-15.028543,-16.976154,-8.717412,2.247284,9.60016,7.252763,66.11348,31.028559,18.494719,9.894548,9.340107,7.045372,6.5372767,6.344908,7.889674,8.011797,10.319212,11.899299,9.353675,1530.2168721280916,368.6354904710973,-1.7194942104844018,24.199343285490595,23.1431522396779,28.416060056476415,27.732021070523203,25.262742961237475,26.27449963071816,51.457090618804756,4.144971863931984,4.569973811058589,4.590689132814108,4.167120080438327,3.506548856990317,3.0640583481673715,5.177993102382742,2575.791733289441,645.9798286970738,-0.9493757807561747,0.09501571023796088,0.028886509924428896,-0.6038409420959389,103.125,ΓΙΩΡΓΗΣ ΚΑ
0.3123649,0.10175096,0.21919751,0.092122115,0.3133588,0.16500472,0.059253566,0.4817445,0.2807728,0.20390664,0.09734023,0.28132176,0.18625061,0.08887427,0.18979137,0.09902514,0.18832158,0.15204251,0.0804781,0.16390069,0.10931546,0.20459381,0.1276047,0.12278121,-230.48749,129.75569,-32.938816,22.48634,-5.1034613,3.2863104,-2.826015,-6.5673122,-9.422126,-7.7781963,-9.146242,-3.0025985,-8.665272,51.391205,25.990976,12.209347,8.754948,8.030353,6.5136337,8.885357,7.8716044,9.650968,8.915732,11.622407,12.030336,9.784885,1582.669620899137,452.3423190822517,0.6695709588238618,27.61118910920615,21.48252614119246,28.270014404858617,29.74933738123562,28.350891322339226,25.073624768678137,51.9646211719914,5.433445128906629,4.601274118995406,5.284670368872072,4.663038792515332,4.545483236546734,3.9382121381933937,4.547130821929091,2940.007265836671,867.704500890183,0.5112765954757456,0.07920394683561079,0.03832992150883083,0.36571006601898476,112.09239130434783,ΔΕΡΜΙΤΖΟΓΙ
0.23246577,0.08028083,0.22815412,0.08074678,0.05587281,0.29939094,0.14375345,0.43808225,0.27431333,0.33483082,0.26817623,0.18102355,0.17386593,0.096278705,0.15268248,0.085663594,0.07829802,0.1796021,0.11882745,0.23714794,0.14491875,0.13728088,0.19833082,0.15316291,-206.64778,91.21731,3.236978,-1.1944778,9.503449,-10.0200405,-18.097095,5.323091,-28.671043,-3.5334656,-24.358038,-5.1717772,-17.309557,77.54074,21.817272,12.782974,8.862969,7.0172877,6.9942174,7.1294527,7.9714413,9.592244,7.2479672,10.829424,7.322592,8.445104,2649.5368667260786,819.7258780354988,-0.5377000916631232,19.98298223594039,21.190242230441765,29.37164030511889,27.4497472311499,26.261500639798523,20.65716005456853,52.21343997562262,4.746633038704655,3.942086514179053,5.181002095792207,4.272035346755679,3.672107717898883,3.0704125323597524,6.486066626641395,6301.6687056874225,1976.5274483426526,-1.4001506529206462,0.09126945900123305,0.03395038850830347,0.8074365371589548,122.76785714285714,ΔΕΡΜΙΤΖΟΓΙ
0.2719977,0.2764549,0.25527787,0.39068326,0.2098079,0.11266751,0.122165166,0.12802589,0.14582595,0.10886214,0.24739555,0.23605578,0.18234934,0.21528499,0.2095237,0.19077924,0.14649704,0.11924397,0.09677508,0.14862484,0.22615883,0.1563107,0.189813,0.20347457,-295.2962,136.80923,-56.89904,-16.040638,0.76001835,-25.71458,-20.973936,-20.86901,-16.66311,-4.0191255,1.6583891,6.122766,7.0367556,55.392372,31.964384,16.696962,11.02536,7.0277824,7.9964595,8.831288,7.4051776,6.6910005,5.1766496,7.4967227,10.744524,10.768417,1254.8090915167704,333.102475253568,-1.2810613994164166,22.83628705382905,21.272479956497715,29.87446347722993,24.77498964979496,25.488599330664655,24.067707737835597,49.02341118801845,4.460815388251831,5.213748566287132,4.489178880545608,3.5877520915177117,3.3010718931723457,2.6713821508883426,4.872961362398443,2086.928512253391,575.8922491375007,-0.5879425011302714,0.06753086773834212,0.02145711439535076,-0.5126335799081763,103.125,ΓΙΩΡΓΗΣ ΚΑ
0.18370454,0.19547866,0.12593873,0.17423362,0.053637844,0.13028559,0.11334799,0.38591197,0.5571703,0.26004282,0.21183085,0.19403286,0.12780218,0.15158811,0.10866935,0.14177556,0.08205475,0.15070736,0.13894357,0.15912378,0.14797781,0.18484831,0.14564408,0.13054502,-226.69235,111.78274,-28.148445,24.768642,1.1977975,2.5819604,-5.0291314,-8.300475,-9.109745,-13.092742,-15.774523,-5.9597945,-5.2441273,65.14424,26.61668,12.278103,9.614704,6.932962,7.3376102,7.527554,8.272245,7.569952,8.823818,10.439105,10.469638,9.969426,1699.743401105226,506.7494564692398,1.2500041963930586,25.210454297019844,23.615895433481583,30.447640539186548,27.24849479313127,27.59179692655437,25.135987422449265,50.25119736457301,4.961425563644866,5.193045085554027,5.344469971522814,4.244284726879611,4.006908545057109,3.5486805397697103,5.3289302005922154,3179.228841726676,995.247343871043,1.1877866472373544,0.07309861563615218,0.03153324370779042,0.6599749528564995,112.09239130434783,ΔΕΡΜΙΤΖΟΓΙ
0.3827508,0.119411975,0.14232992,0.074318595,0.24995273,0.06489112,0.17631571,0.28401554,0.17037764,0.28484052,0.16767631,0.42541853,0.22508676,0.12499386,0.16103217,0.09023013,0.16032521,0.103816725,0.11243415,0.16694865,0.15493464,0.25953326,0.13858005,0.16685592,-306.4578,132.92804,-65.19489,23.228792,-10.475397,-16.681581,-3.5128055,-20.257177,-16.457794,-10.118806,-14.373825,-16.359735,-4.3228197,52.51559,24.70852,15.747012,14.841739,13.065271,9.209348,7.303259,7.4486284,7.3353047,10.280608,9.032211,7.973039,9.294944,1558.3360855988735,367.3887268267604,0.45435958616647093,25.146632886999132,22.02618258519134,27.92635420405171,27.588895146249865,26.950582780520435,27.051443557557317,52.71525215146541,4.738788946869171,4.792299852963134,5.321578261550044,4.634946744554315,3.9237209889738285,3.730033118938253,5.068194065632651,2878.1285644413224,646.7298135046128,-0.1682839251578773,0.093215038732022,0.03574266864565601,0.55434884485919,112.09239130434783,ΑΝΔΡΕΑΣ ΡΟ
0.09004565,0.5716251,0.20273119,0.07841178,0.07057912,0.1298481,0.44653726,0.1061355,0.3271056,0.05988188,0.21875682,0.12212936,0.089460604,0.14146687,0.17592268,0.13640098,0.12455533,0.085264064,0.16710682,0.09407019,0.16212249,0.07840479,0.14196065,0.14939928,-248.54707,162.81451,-18.1869,25.957714,3.9220912,1.5502709,-4.943849,-5.3774953,-11.259961,-15.878704,-7.1731963,-2.5184414,-8.85035,64.830505,33.958633,14.758134,11.714742,8.639373,7.33,9.244255,7.174719,7.68912,8.317348,10.425348,6.623708,8.772883,1158.0749011237165,414.2392259764241,2.6738600963901984,20.766373078506252,21.65385478091353,27.969605135759295,25.722916833175965,25.35292323302577,22.816981505113798,50.25255883225571,4.031083309759622,4.899069079663022,4.775117333985922,4.304349354513753,3.869037176897196,3.259016379892313,6.069665959522341,2126.9223803305667,849.2234683462852,2.0992975105334692,0.04816767360117344,0.01656476084969109,3.8808078063675513,103.125,ΔΕΡΜΙΤΖΟΓΙ
0.21825379,0.317954,0.19208622,0.20043302,0.1289906,0.10202067,0.13431327,0.10530085,0.26320648,0.22229299,0.25962755,0.27973515,0.17005633,0.26193655,0.17858116,0.22859383,0.14486283,0.116648756,0.1706175,0.13814594,0.2384467,0.2020337,0.18544307,0.23905696,-304.4995,104.4533,-47.83198,4.0210876,-15.0197935,-14.48411,5.285523,-12.200229,-15.809469,-0.4178777,-7.408332,-5.992336,5.0115027,67.41593,32.62836,27.129734,18.396833,20.744745,11.790311,12.993297,10.231441,8.647944,13.106143,10.909924,8.876695,9.94945,1543.7163411954682,435.14358189717177,-0.35290383428732086,19.784126417722906,26.297723804381775,31.991097132533366,28.0418137669414,24.768330733737997,26.4622522797097,50.91947430025629,4.347033557377342,5.877489907916482,5.67119732342042,5.631668532797419,4.9173062913079555,4.351330622374812,4.609822244921829,2843.4828877188183,846.8766676125794,-0.6906569246347644,0.07773681556273754,0.02939397627477779,0.1890321702979614,107.421875,ΜΑΝΩΛΗΣ ΛΑ
0.25895104,0.4152724,0.20144886,0.20645201,0.16492413,0.22716892,0.36021674,0.15097499,0.09120446,0.12921664,0.21716496,0.23581141,0.12883973,0.20482008,0.1393137,0.15274607,0.15691471,0.13813692,0.19431739,0.1515418,0.09566662,0.1297018,0.1991369,0.21633781,-236.54118,110.4516,-13.27427,39.135006,-2.9427643,19.333632,-0.24053454,4.9494467,-8.248311,-1.7666855,-2.981642,-2.4202487,-0.744529,47.106907,20.204704,14.868177,11.417577,10.518536,7.732288,7.9195647,7.069628,6.459941,8.423391,8.031835,7.7211556,9.200725,1666.2478522529377,396.4792484632093,-0.2364487362337707,27.476377091530303,23.32730328229643,28.435913728604866,26.178657745245935,22.774742197582906,19.30302969927572,54.4640958605557,5.945975184950658,5.238898764678127,5.948299786588555,4.860203651533764,4.280571796816909,3.7191128520504977,4.281538533591908,3550.2923439862743,983.380139329994,-0.19464400050901481,0.0621492803630627,0.02523227222900152,0.7692071072845996,128.90625,ΣΤΕΛΙΟΣ ΦΟ
0.110669814,0.5122332,0.1102165,0.06436119,0.10758389,0.14358638,0.5340378,0.17081882,0.07976871,0.09399139,0.3079066,0.21709687,0.09294721,0.1242835,0.1355027,0.12503165,0.10869748,0.10660333,0.15347922,0.14942051,0.09457417,0.14072026,0.13220578,0.17891763,-252.51822,154.27795,-56.250065,-3.5318017,0.7465615,-20.742067,-9.707439,-16.2673,-16.395601,-14.349418,-19.142889,-14.099351,-6.7917485,49.62823,24.338848,14.861376,12.275316,9.4829855,6.79549,6.3029346,6.7762766,6.838713,7.4227476,8.934545,8.919559,8.323782,1296.0068269650576,280.72400827826823,3.5501517500270974,22.381227623687852,21.80690397046943,27.924824003689963,24.091713067846072,24.741579951981663,24.023480851520755,49.83051629715558,4.064040847110185,4.080356746521938,4.736113156851893,3.4923730301581575,3.2315556484613586,2.5388317237488542,3.596832515590499,2291.0151751784892,547.6210698920154,3.0344549000549756,0.06864242518568632,0.01848809195836501,4.317461484032508,122.76785714285714,ΜΑΝΩΛΗΣ ΛΑ
0.20136105,0.46085748,0.14873984,0.280492,0.1125259,0.1447387,0.22975346,0.059316162,0.28966007,0.10131979,0.24043062,0.32430875,0.12391003,0.18871896,0.13255434,0.18010731,0.17264253,0.12164062,0.19822425,0.08214935,0.18738562,0.12548512,0.15753978,0.17859702,-244.5314,126.30614,-60.27992,21.018856,-30.155685,-10.010738,3.1217985,-23.177053,-7.8252006,-7.463168,-1.4669366,1.8462992,0.4031108,53.42683,23.170197,13.927786,10.688806,10.735622,7.507886,8.092001,8.128945,6.976084,7.266113,7.661503,8.151064,10.285738,1657.7412672372807,371.81247757659514,-0.48474555196836255,16.217049380766994,20.40360265151214,27.148182593694695,27.31842469834156,23.90686614137576,26.13195242848391,52.740797543990695,3.939571931176483,4.9163148930317515,4.61847198250093,3.6864369415263583,3.3960857584711484,3.0439502994732233,4.633487851367041,3189.533463968489,699.5003992988655,-1.0703881874537393,0.08736883475864439,0.023927032739507876,0.12049515649589593,151.65441176470588,ΑΛΕΚΟΣ ΚΑΡ
0.18668872,0.22890554,0.18827996,0.30659017,0.11154784,0.15930729,0.2242859,0.411189,0.3364573,0.13455142,0.195242,0.12583081,0.16775422,0.21225819,0.18219168,0.17511015,0.12718308,0.15872748,0.14306942,0.21764582,0.19899201,0.123208635,0.15427871,0.12648693,-280.69217,153.51906,-70.27768,-13.123465,-1.1905881,-31.577309,-18.256744,-20.02188,-17.71806,-2.5312972,-0.04471412,-1.4319228,-1.8914323,39.60235,20.89628,13.858137,11.233069,8.456956,7.517264,9.394475,6.1218886,6.457257,5.3767214,6.752107,9.852255,10.870873,1310.2801199853636,249.7123986935773,2.8142541835277024,26.535674480556263,23.889384751262078,28.041784891830687,24.719068404513532,25.11825761441807,25.55627064741086,50.38982288114011,4.798089416837998,6.32223404288114,4.831566499135878,3.7724962743116306,3.670358820579993,2.589340572100308,3.164719610694379,2243.3081343510785,465.6094315249161,3.6738775924422864,0.07565827923843076,0.018866347802091538,0.9051126249904168,151.65441176470588,ΓΙΩΡΓΗΣ ΚΑ
0.23665126,0.13698667,0.3447324,0.10897211,0.18853658,0.11397771,0.21796241,0.402771,0.0792288,0.20713475,0.099965975,0.34537482,0.21656023,0.12232927,0.22153789,0.107103124,0.1942613,0.15731353,0.14765951,0.21940652,0.087471254,0.18617141,0.11767849,0.21630476,-292.74643,124.86324,-70.14463,7.849233,-14.436026,-19.509167,-9.121509,-19.91177,-15.7393,-10.205994,-10.942083,-11.9223585,-4.471721,48.59836,23.939838,16.200584,15.042147,11.130494,8.349921,8.538421,7.258264,7.448362,10.9134035,11.064585,8.561741,9.237933,1597.3092765131983,342.33741150821123,-0.4074466322433611,22.754781221029226,22.899133243461563,28.386855025798567,27.789377669704805,25.804989840795162,25.818453281126313,53.30087690432738,4.049584519367394,4.641165728153345,4.977147564167048,4.475537075175694,3.9404019533232426,3.3228138747406044,4.552272306390409,2769.2313042011256,606.9930193968179,-0.20768954292890723,0.09732080201513324,0.02989553143193341,0.15410135383250162,95.48611111111111,ΑΝΔΡΕΑΣ ΡΟ
0.28689262,0.03248524,0.2998491,0.1370714,0.17099589,0.1973194,0.09627552,0.36643443,0.21472374,0.50667006,0.10861548,0.0838079,0.18346056,0.06381016,0.24872248,0.14589296,0.12034698,0.17694674,0.09918019,0.19094615,0.08820447,0.18447244,0.11116042,0.086284675,-204.93094,128.25633,-34.396923,16.167038,0.5059276,-4.941556,-11.547626,-11.586062,-11.509361,-11.014703,-9.092381,-3.8315117,-6.5435824,56.641872,26.824076,11.360931,8.092092,5.0971303,5.6101174,7.7098846,6.5362864,7.0825596,8.927003,8.780795,11.7036495,11.210812,1634.3701573720086,390.40605349424175,-0.015026253958008093,22.129766931117537,21.201993078665094,27.434059268498398,27.185407544030806,28.616116605771285,24.798587153327485,50.85456229013674,4.353283728895249,4.420059497906906,5.2152590065367495,3.677912374972702,3.7527449083718203,3.090632172462743,5.218202326774854,2882.316384071834,728.0990058005768,0.2331147855306664,0.098678193366607,0.03255936973007293,-0.1337291249415532,69.67905405405405,ΔΕΡΜΙΤΖΟΓΙ
0.26289082,0.10413506,0.42141166,0.17040142,0.053160213,0.17149346,0.04339697,0.21084327,0.17641352,0.29072803,0.38443425,0.1317583,0.21504115,0.11262636,0.2041506,0.20272523,0.099719405,0.16233566,0.06108428,0.19883192,0.17246462,0.17853858,0.2369963,0.12247152,-315.59552,128.57681,-44.308655,-9.50746,1.0508013,-23.858717,-10.123581,-18.65202,-29.963245,-17.556553,-12.320661,-12.180402,-3.4139805,43.150887,24.53249,15.699152,8.861087,6.4089913,7.763978,5.927385,6.6892414,7.9051695,6.546366,9.012087,13.271546,9.124211,1250.5156970427402,311.98648610017864,1.208885580801547,23.36116531177674,19.728015515070126,28.919851353475764,25.87610918272212,23.923742680269555,24.84856960481876,49.20157577967623,4.107631808770495,4.903203775817227,5.414474778264953,4.0791430846077645,3.1118148587259173,2.7889470069976947,3.8867188288836463,2248.1961119679645,597.1306686198691,0.9929680188899006,0.07007576595044714,0.027084284957313326,0.7456755320556423,135.69078947368422,ΑΝΔΡΕΑΣ ΡΟ
0.1043439,0.16987284,0.5270687,0.44689432,0.09768361,0.062301435,0.323515,0.15000078,0.0667849,0.26491547,0.24665801,0.09650008,0.14985417,0.11553868,0.12282751,0.12747706,0.09815095,0.08984545,0.12297295,0.15647292,0.112254724,0.14066494,0.15304737,0.13074945,-259.78183,156.26004,-55.07369,17.345623,3.5650446,1.4695309,9.992963,-20.01823,-18.900187,-12.546148,-13.50508,-16.590944,-11.797461,45.203163,24.625898,14.930751,10.796077,11.353274,10.465763,8.865502,7.557744,7.0738482,6.7732,9.869968,7.042446,6.710925,1236.1225381831334,279.6254668379129,1.0957872355473943,29.714619815891393,21.562320007663875,28.01329506227147,27.781289061601917,25.419248860268837,26.219542654435386,50.51797225350845,4.34860506742548,4.148620355314516,5.763838835643554,4.410003075361953,4.286361351262326,3.5887649622009317,4.4808815441418,2199.7722015794375,587.5410248745657,1.2087727822057965,0.06902899737818993,0.022476548352459526,0.002640764906572024,122.76785714285714,ΣΤΕΛΙΟΣ ΦΟ
0.19570088,0.072293796,0.07311797,0.19173521,0.07304147,0.27382547,0.17056844,0.2558673,0.31118858,0.16777712,0.38850683,0.20410529,0.21417712,0.12860057,0.11299849,0.176977,0.10638763,0.27035984,0.1712497,0.19194822,0.2051262,0.16358069,0.2483266,0.1852584,-276.431,122.18108,-34.66036,28.974678,-22.114632,-16.021307,10.005351,-23.906792,-22.869833,-3.6754107,-13.146208,-3.7888348,-6.4071174,65.95828,32.438263,27.699284,14.928204,23.569464,10.17789,14.103791,10.601222,9.278567,10.48911,10.614568,9.426436,8.827534,1578.1134029382483,578.9152959288383,0.43924454359936294,20.866568182580394,28.072043370235154,30.44323723642588,26.406918017917697,24.033661919509985,29.092594046826175,51.46597781078243,5.298179203764596,5.8593484092651735,5.998908652763547,5.011854244411003,4.605785624894209,4.168542397406163,5.022269290890873,2986.5139717360794,948.18341098595,-0.3928404744723839,0.06596440246190421,0.028745294459425492,1.155954683969238,143.22916666666666,ΘΑΝΑΣΗΣ ΣΚ
0.3993111,0.17039873,0.27897465,0.22518447,0.1203412,0.40126464,0.0706961,0.28152877,0.086110026,0.15587544,0.22795653,0.09220578,0.21987675,0.15145902,0.19398127,0.19895792,0.11500635,0.21828312,0.09713337,0.19613062,0.098285176,0.115399696,0.20195104,0.100070804,-230.83653,138.4237,-62.468014,29.644415,-24.35589,-20.727743,6.147752,-19.590208,-10.039979,-7.847097,-1.8003757,-4.2133317,-15.15432,59.890335,27.495657,17.761011,11.974925,9.190242,9.491268,7.418,7.5211763,6.531215,7.053114,7.4159865,7.9797945,9.320868,1538.4360943624415,368.4486868925572,0.13354580591885062,20.602117034120823,22.368230400113642,30.406090186609013,27.676376899728584,24.98497552999847,27.741399613938153,50.89564869270828,4.316939889734706,4.970972915390217,4.798959234560452,3.648217256145072,3.64544098571918,3.188807091529175,5.176294125637512,3011.8209385109494,667.9629078924413,-0.8845023294786027,0.07680128818277965,0.022367783558975132,-0.4758186123447297,143.22916666666666,ΑΛΕΚΟΣ ΚΑΡ
0.1588861,0.27125505,0.122358374,0.24469285,0.3678996,0.1370787,0.19168252,0.22661501,0.32676807,0.2618843,0.11589252,0.23846696,0.14811607,0.20440449,0.14226702,0.18113667,0.20790334,0.13965534,0.15552793,0.15167558,0.19607843,0.18075205,0.11652118,0.16446012,-264.20786,172.42735,-35.39957,10.416178,-2.0585654,-23.917673,2.0009398,-19.325157,-22.862713,-5.5566797,-7.6941886,-8.682632,-9.819049,32.15519,21.012001,10.801428,8.577306,10.672442,6.9049354,7.0849433,7.202892,6.295408,6.088415,6.9952226,7.8205147,8.65523,1009.3375564163844,221.83973322718643,6.5924627748685385,27.174977624322032,23.63219677594562,27.493381147460493,25.764564684852992,23.65045044737336,27.51358244925552,46.96210069748971,4.374999827972383,5.641990191593463,5.182612495709177,4.1829703426391065,3.6674668800780355,3.0362574838616325,2.749467530639939,1849.0485946360375,533.5839603040133,3.3976247669993036,0.05137508724756973,0.01344612670929871,3.779070061493569,135.69078947368422,ΘΑΝΑΣΗΣ ΣΚ
0.44429561,0.2658834,0.21401459,0.15727943,0.18459035,0.34421065,0.061285097,0.22682239,0.101501934,0.13620819,0.22256583,0.18902613,0.19126947,0.1996117,0.18609452,0.1762768,0.15231857,0.25456953,0.08058822,0.17449038,0.10643675,0.09958696,0.18045035,0.13637322,-247.39604,128.12524,-58.536434,37.145367,-20.842207,-16.484032,4.0628047,-17.972378,-11.355655,-9.670254,-2.815566,-3.7297125,-9.85833,65.01427,28.028355,18.905865,12.715703,9.204785,7.3863773,7.225369,8.495073,7.5871,8.186752,8.466621,9.060692,10.582303,1690.704903213548,436.3936535247314,-0.5598661524801589,21.901481097374948,23.48020970397608,29.71202214501594,27.5973063624525,25.006459535331356,26.968910430304945,51.99506146488093,4.60071793852142,4.787987029743406,4.8955062329712495,4.277212640030017,4.112652800331294,3.3860174397974503,5.605574668115411,3213.972761824324,731.2915822354729,-1.4653358247833999,0.08530093481265356,0.029965219828485927,-0.3075485708606237,117.1875,ΑΛΕΚΟΣ ΚΑΡ
0.28190905,0.4331702,0.15408798,0.17037281,0.09049459,0.1978665,0.2428595,0.12995902,0.16730669,0.28293666,0.34951755,0.14063227,0.14264087,0.1799449,0.14125146,0.17279218,0.13907923,0.14934248,0.17687207,0.12987636,0.16136912,0.16460507,0.19497287,0.15311101,-300.28772,147.77762,-6.6350975,-4.6374335,6.913066,-7.2864094,-4.4776073,-12.47084,-15.327525,-5.3467956,-7.755028,-12.178308,-12.635263,41.376724,28.188765,13.494597,9.599992,7.495573,8.699347,7.1064963,6.6628966,6.7754865,5.6031303,5.848037,6.058375,6.62239,936.3392994253945,276.4360524915898,7.108310968569918,20.266146108783804,22.400617068301692,26.83406513510154,26.572175328235577,26.58851277167799,23.59106922905654,50.25205554962335,4.871013354654052,4.926801724582497,5.171962134331393,4.255852404526159,4.6255601361627425,2.886116828242565,5.073675581807418,1610.7542901976497,494.24551144600844,5.413732041021839,0.04982984349032526,0.020028246185470135,3.890457525671516,117.1875,ΣΤΕΛΙΟΣ ΦΟ
0.2619712,0.18889444,0.27543366,0.26910487,0.10992568,0.4016064,0.24917097,0.19137909,0.13844314,0.23179214,0.24757323,0.18522103,0.1443721,0.1269414,0.14936969,0.18374562,0.118031204,0.20330365,0.14779659,0.15415007,0.119028315,0.2001619,0.20156494,0.1344245,-264.526,181.84946,-45.15795,-55.177723,-4.504949,-7.610279,-17.209986,-23.37121,-23.050173,-16.94258,-15.111794,-4.191651,3.6599593,35.530945,23.722183,11.193786,11.498806,6.848617,7.367649,6.977686,6.3624444,6.849251,7.565672,7.1356425,5.2032213,5.7493505,1048.0365044962323,214.47746676925075,9.55135808747895,32.47021694679777,22.027314172682352,26.241137172449182,25.987996478764238,30.4087113865745,23.014435474739916,45.517283135657244,5.519683994123859,5.250687265732317,4.90418239421459,4.1140154391887345,3.5522498544913836,2.2715185291079387,2.5421440654796115,1541.5990751315062,384.1524853859897,12.248492640521476,0.07632555111434108,0.019704623030879588,0.13866714178984405,128.90625,ΚΩΣΤΑΣ ΜΟΥ
0.12502915,0.23951656,0.10420629,0.106328934,0.28508043,0.10277556,0.32765526,0.16792563,0.32545665,0.39496168,0.12739418,0.26099253,0.14534907,0.1741735,0.15907785,0.09339929,0.17423038,0.12526965,0.24130766,0.14118992,0.1717881,0.2308797,0.107239306,0.16480099,-203.23479,121.946014,-46.649128,35.208332,-28.635695,-16.857191,-7.6933527,-17.751907,-14.526164,-7.64251,-9.244097,0.46098652,-8.537868,44.714397,18.987204,11.937855,8.424558,8.971797,6.582864,7.694568,6.565898,7.0130796,7.530475,9.684031,9.496447,8.93294,1759.8422672751415,325.2209843587713,0.5906031634622224,21.61289077408393,25.51645337571466,28.71475880202654,28.01708654310734,26.412037174298828,26.151003423225234,54.69761547843574,4.447342083466764,5.25037386822146,4.708743190768897,3.894845658858892,3.84365349286033,2.750876941526193,3.844397912808342,3440.5106239776446,556.3297013709889,-0.4936584542135401,0.08540466818884042,0.02837288826821283,0.8520892993436269,161.1328125,ΑΛΕΚΟΣ ΚΑΡ
0.29131553,0.19159612,0.071342565,0.031849243,0.024141612,0.37272575,0.19888073,0.14070491,0.18718536,0.25451922,0.4598625,0.30345255,0.15985882,0.17269468,0.10658955,0.07126269,0.0547624,0.18663251,0.15643616,0.1650811,0.1593686,0.13290247,0.17766051,0.18463652,-231.51843,120.3193,-33.22434,22.393738,-2.4717782,6.755412,-0.30254188,-2.041491,-7.06188,-11.087854,-13.620375,-6.909148,2.3986783,46.24902,23.427385,14.656571,10.581738,8.415376,7.3743296,8.488247,7.3299994,7.1354165,7.172787,9.010275,8.828598,12.10612,1666.657243060452,444.59754262741313,1.7878478605421928,22.672008625960192,26.807474411316164,31.083174277574173,29.14729754267987,28.75207284972184,25.109627489292333,52.25315267684972,4.044296391756658,5.237000177543938,5.122483283797911,4.783258468214589,4.942006872257846,3.6699581005465776,3.573498175268152,3072.4345456363194,888.448531461807,1.0429173493259765,0.07891357871977009,0.036020414615585264,1.3145315838698728,128.90625,ΔΕΡΜΙΤΖΟΓΙ
0.47870606,0.12441383,0.18753321,0.08189859,0.06486241,0.45410216,0.029736068,0.04741818,0.027892258,0.17112456,0.5378298,0.13424869,0.19058971,0.11604105,0.17198202,0.11256214,0.08690403,0.14475927,0.04873694,0.07562702,0.043885216,0.08893496,0.14037313,0.066418864,-263.043,164.97827,-47.3627,9.476824,-2.6195042,-22.244818,7.7337623,-19.023952,-20.494175,-1.1899525,-7.323097,0.9350385,5.155604,38.11385,20.434175,12.541106,8.660196,9.166341,6.8504796,6.270146,7.2864017,6.9822483,6.23123,8.171717,8.817176,9.357869,1197.337233395283,249.1783743499879,4.568581219939063,22.152485971724815,25.657048971797977,31.281839945078644,26.971667921790498,26.124208315779025,30.322044762506778,47.38546467805744,3.853661949794979,3.9945285370141805,4.816379128004343,3.381148712977409,3.323579893500672,2.832473623868902,3.0777862506690976,2260.963243541151,587.4581513714314,1.7321882458464892,0.0666120170366646,0.018048294127277424,1.5852379632382845,117.1875,ΘΑΝΑΣΗΣ ΣΚ
0.31952268,0.15983368,0.13772064,0.0777531,0.12975565,0.2815463,0.2897142,0.49225262,0.2067212,0.17270863,0.24333313,0.14377008,0.16502807,0.11438353,0.13521402,0.14620419,0.10775309,0.18587606,0.11739094,0.14837684,0.1582442,0.16474284,0.20077509,0.13463274,-247.62926,162.3502,-40.4453,6.654347,2.092527,-19.57836,-13.785689,-17.512938,-16.859886,-15.9997835,-10.220456,-6.473605,1.1967169,36.798416,21.77333,10.543838,6.7181406,6.083298,5.6815457,5.785587,5.4995704,6.2141724,6.190443,7.4186625,8.201195,8.808375,1163.732841200573,264.0027239226814,7.385702043189198,25.914194560518315,22.187999827643978,26.020126189185735,23.90894009708756,23.12833137008379,21.42724970810718,49.31050150715418,6.351578403421988,4.570177795433093,4.220202203458289,3.8903792836003417,3.6215438013449615,3.1023467776080422,3.113994940962554,2062.118050267224,490.3814491837161,7.212605437141128,0.05916510612815685,0.018133521680989445,3.84542039367952,112.09239130434783,ΝΙΚΟΛΑΟΣ Χ
0.27547744,0.16546957,0.1633236,0.12543702,0.18235025,0.14477362,0.32456708,0.24607168,0.22510542,0.22877088,0.22029632,0.4253239,0.20200983,0.12855503,0.17468904,0.1309297,0.13571614,0.1526154,0.1669745,0.17630433,0.1404867,0.14001736,0.14101738,0.19204915,-293.7684,143.86938,-53.748783,-16.13704,-1.8235016,-23.455654,-12.318565,-12.165912,-13.086562,-6.0486393,-9.095002,-7.5757923,-3.2527633,49.173203,26.817211,20.78874,14.340232,12.631922,8.627399,8.679099,7.3035192,7.1820164,7.1954036,8.474529,10.52035,9.293511,1307.862838986408,354.1222602962475,0.7998944578992644,25.043231378388086,22.779039676966942,26.51128924678217,24.672649633011225,24.65223487836633,24.394465349777327,50.29912871672525,4.731105537013185,5.916977917215298,4.98180369170593,3.944809648844454,3.779354342635236,2.9694055280005167,4.164399029860734,2218.5038630870167,650.8865523015228,1.0796899492009973,0.07486376683356354,0.025042510646084364,0.6920808919817533,151.65441176470588,ΓΙΩΡΓΗΣ ΚΑ
0.23966429,0.17582068,0.13478082,0.097868934,0.42767292,0.3037161,0.12425435,0.13732798,0.12232679,0.35578707,0.22311617,0.29181254,0.18577382,0.19375272,0.16621166,0.13572006,0.18342529,0.16895816,0.12832545,0.14295883,0.12211761,0.16021635,0.1304982,0.15221083,-262.4996,155.9554,-45.419617,0.51326686,-14.473548,-27.801064,-13.389946,-32.58893,-24.752228,-17.051334,-18.477076,-10.271472,-7.4628196,41.11966,16.663551,16.3772,11.335577,9.949816,7.964627,8.355547,7.679438,6.846824,7.2025285,8.039175,7.3555646,7.731718,1165.6306075660898,206.84948915700778,1.8219697185692785,35.467526160775016,21.110460588229948,27.057952752575606,23.691298937565993,22.654217928206826,24.81344229101323,47.9041911164291,5.610497828165325,5.001049703438375,4.947605504423732,4.314644106444788,3.70583683762981,2.9672152373768985,2.024076827302498,2015.696204724302,530.9843407763295,1.4416190627818668,0.05876810573567898,0.015001899296097555,1.0900673722673755,107.421875,ΜΑΝΩΛΗΣ ΣΤ
0.297082,0.050335903,0.36090526,0.059832413,0.023138748,0.09500638,0.15677367,0.5532192,0.22832686,0.10100326,0.07642016,0.37071455,0.23931527,0.074516304,0.18627414,0.08750974,0.0489685,0.13404925,0.086396895,0.16083103,0.1874532,0.10508863,0.07488932,0.13751897,-275.50098,167.0174,-11.837339,7.997512,2.4566216,-6.137518,-6.169022,-13.029417,-11.385013,-14.195574,-13.378498,-8.025729,-6.41754,41.50558,28.40022,15.700347,12.905394,8.8610115,7.533486,10.043137,6.8680224,9.380933,10.209138,9.055113,8.132926,7.628184,1150.8546165981713,477.8320531213885,3.930078013764438,21.777319586348263,22.82729341283858,27.193044156961598,26.942429726813398,25.56293884640257,22.987589151285178,48.80391359293891,4.646887995237161,4.919623698046446,4.896533332398061,4.022879712963871,4.092752621395277,3.838023275566291,3.1846344456360303,1974.7550766800246,1030.2190017789903,3.640994838064381,0.04951344834169376,0.017119605788625748,4.442911751231191,103.125,ΔΕΡΜΙΤΖΟΓΙ
0.36106628,0.11197702,0.21379687,0.3678194,0.022598756,0.019009987,0.028873997,0.34603637,0.45163164,0.15613398,0.25885737,0.30964464,0.1387449,0.11419259,0.13014024,0.14556985,0.062184155,0.07390963,0.05577009,0.09773342,0.13494998,0.11043887,0.13868845,0.14614272,-226.38062,141.09564,-24.760098,32.595875,-1.7134347,4.6474905,-0.8910679,-2.7290576,-7.3450418,-15.715673,-11.717423,-1.1506035,-10.254217,57.13408,26.117086,12.992429,10.406023,9.011531,7.197895,11.843505,7.1221066,7.810215,9.123061,10.366771,8.034004,9.444805,1435.590795809347,468.22860197291664,1.8687516054553244,26.172403281971935,26.261349362749318,30.564210882664053,28.239170638721607,25.872028643762256,23.246956816734073,50.5662159269872,4.490106213469529,4.424877062828715,5.683859274340252,4.246540180951498,4.710553606606162,3.5090810778679984,4.296625120974165,2745.4346702832236,989.1582373314732,1.755688633322372,0.059937295938546964,0.023193932034247213,0.8363050742196867,117.1875,ΔΕΡΜΙΤΖΟΓΙ
0.41621682,0.3387116,0.41612554,0.09174376,0.09680287,0.10587121,0.17824638,0.27864918,0.17231697,0.30749398,0.04157152,0.20722325,0.17620085,0.12652566,0.15151253,0.11598366,0.12201972,0.1191225,0.1186471,0.14155656,0.1175714,0.17783698,0.07069688,0.18558942,-280.8889,171.80623,-51.252254,2.4764266,4.4114437,-11.574818,-3.8185017,-9.476607,-14.238248,-16.688282,-14.566984,-17.965914,-15.480551,43.142757,23.508097,13.503679,12.7383,8.9731,9.173846,5.9654403,5.276319,6.166762,7.09824,8.974693,5.673552,5.659299,1149.3841972354032,259.96002067853954,4.0060733533627095,27.29055264265534,20.977825914388198,24.115552075350347,20.902440135534718,20.51621758551235,20.949183445818377,50.99162878189528,4.298614667023745,4.495521342612822,4.540277362194526,3.3942516142922026,3.1218699343087963,2.9287735508907202,3.895147404526307,2087.5582134720967,492.5638749371504,2.673367490930676,0.052146160254414764,0.01666367873305498,1.6090429404734148,92.07589285714286,ΑΝΔΡΕΑΣ ΡΟ
0.09193153,0.15328519,0.071028285,0.4988453,0.19964993,0.43301553,0.15303913,0.119739965,0.22264826,0.05886287,0.32873222,0.089787126,0.13106726,0.22910748,0.08374592,0.11044211,0.1584654,0.16110454,0.1388142,0.11207212,0.2055756,0.08672227,0.19997273,0.13538596,-257.81772,136.03757,-25.019915,16.647715,-6.6496,-15.045229,-19.176846,-12.908418,-7.370854,-11.09903,-6.51154,-6.4205804,-11.166627,51.573742,26.121912,10.1413765,7.990654,7.303072,6.7939153,7.1448817,5.873132,5.499333,6.2655473,6.3452516,7.1011667,9.010228,1321.1077893339454,311.62657452007414,0.0035919172347398673,16.99794306071089,25.51694265323295,28.630082374855707,24.024658528958447,22.511291092847884,19.486207701852997,50.81320050443432,5.045992784158154,4.8344634377163995,5.171690247903088,3.6060345902893305,3.1362171142069,2.233124251934457,4.83788954540412,2460.0595982962896,640.1999172991389,0.16398110809533006,0.05177497349911217,0.014399286866060209,-0.46489727944927656,143.22916666666666,ΜΑΝΩΛΗΣ ΣΤ
0.21163501,0.55364466,0.15922272,0.124608815,0.04816162,0.16700017,0.3908623,0.047620784,0.13293634,0.12432761,0.32529292,0.19354077,0.10932037,0.16739663,0.121763565,0.16898571,0.0848647,0.11702651,0.15995894,0.08984915,0.17407107,0.13876282,0.17639394,0.14538689,-263.1215,142.64731,-38.33368,12.719308,-7.7179623,-14.689409,-1.5048547,-20.861746,-21.141554,-13.770002,-13.547156,-16.642263,-16.667536,51.880955,29.866192,16.64741,10.608514,10.930514,7.170863,7.1166034,7.1546583,6.8953385,7.2394524,7.356778,6.3204484,7.9766,1151.3468840153448,348.50835278355265,1.3129703850286756,26.529059560965305,22.113145706492144,28.18605305002186,25.459242463713153,22.358906118936524,23.284751997511304,51.36958898220482,5.165892442187024,4.2769526287732065,5.44261312166674,4.548269249665096,4.0705170108024955,3.5813152210333556,6.110918285980694,2159.0959915946814,723.6795801472084,0.8165127460803331,0.05107721812895212,0.021136097347712865,1.93745566530006,117.1875,ΣΤΕΛΙΟΣ ΦΟ
0.47543073,0.15503207,0.08249377,0.050246663,0.10758848,0.37432864,0.059652083,0.121964134,0.11366277,0.22753677,0.5217997,0.14552514,0.16521432,0.17776322,0.10619263,0.09045874,0.103533976,0.18310931,0.10006713,0.11722916,0.10077034,0.15356788,0.1615064,0.07838069,-260.5124,151.90236,-61.566013,20.173027,-5.757993,-21.022593,7.400126,-22.970913,-14.131225,-1.0620347,-14.970326,-4.9006853,4.03847,37.51374,19.494104,13.307818,9.608652,10.884202,6.1864705,9.536212,8.233764,6.506954,7.1563954,8.760082,7.399511,8.610059,1431.5967859280136,278.5441813721645,2.728416993980283,22.55703847587511,25.361622199338047,29.388491586267314,26.651339188773917,26.533435080400693,30.714493858178443,49.54205238629619,4.195014382458193,4.778835690167973,5.0159506157272595,3.5067242296208723,4.01335889405608,2.8513740934740968,3.2138035337439526,2694.769950070077,546.1500452862276,1.378269433886364,0.08585031425192712,0.02801017851574553,0.7647094286745683,103.125,ΘΑΝΑΣΗΣ ΣΚ
0.24526235,0.24555631,0.19800757,0.20955671,0.3603799,0.085124284,0.1342514,0.098984815,0.21225002,0.25145385,0.13022023,0.32221392,0.20007393,0.21901202,0.22838722,0.15648364,0.21429874,0.11784189,0.14410132,0.12599905,0.2090343,0.21399033,0.11375793,0.19724248,-320.13916,139.12488,-31.48629,-11.83608,-5.5678434,-20.689508,-7.865682,-18.126425,-24.38711,-11.982567,-9.277087,-4.3452196,5.237545,37.59845,21.576944,12.00456,8.329548,11.159823,7.198129,7.614394,6.6521735,6.450824,8.170917,8.4748745,10.083019,9.617121,1173.49908962565,220.22092660067472,2.483651622905161,19.545907082825607,22.207258425623547,30.073857067345415,27.387317841018838,24.560790411971038,23.409074958951127,49.50539551808647,4.0369521109669595,4.439905843006104,4.855601677971732,4.212062566976958,3.57178868323586,3.10611197780164,3.2720510999579244,1993.2215619064577,492.88243939437854,2.491387838678742,0.06322882816209639,0.015280390806904874,1.2146562740572113,135.69078947368422,ΘΑΝΑΣΗΣ ΣΚ
0.21445161,0.01364187,0.2401318,0.09985545,0.023864524,0.11645387,0.21078995,0.58412784,0.3448975,0.20891394,0.0924547,0.32754964,0.16605997,0.04435487,0.16225372,0.11868716,0.047586907,0.1280083,0.09310281,0.15357593,0.2128022,0.121442065,0.08110435,0.14281504,-223.46274,134.7383,-35.78519,18.70178,4.3044844,-4.6204667,-11.646996,-16.106457,-10.257546,-9.128603,-5.480865,-2.809248,-5.214206,65.698715,29.567232,13.722011,9.317263,7.411779,6.143072,9.677545,7.0948114,7.4973764,7.1280575,8.467724,9.012001,10.400482,1509.2249285824134,443.252170773856,1.685181199303362,21.46607428038966,23.68496989054689,28.536982774247168,28.302463986752485,28.90574197306041,25.28631569838426,49.64532730083843,3.9365762548241023,5.0266504168505675,4.946676019184543,4.1805033904992515,4.321795583264997,3.910225510195277,5.1726946032056516,2647.9625057059134,924.2648744838573,2.6055696889122633,0.0820138216552303,0.02950881290950647,0.18230168503839297,117.1875,ΔΕΡΜΙΤΖΟΓΙ
0.11874734,0.116412826,0.058344033,0.18008715,0.21440317,0.35214818,0.28561375,0.15483285,0.2100201,0.19586061,0.3979996,0.1624168,0.13585141,0.15004475,0.084783494,0.19392255,0.17685519,0.22277448,0.2027491,0.16906054,0.20257321,0.18792373,0.23180123,0.16520399,-215.83687,116.14968,-47.517952,31.635412,-25.938932,-0.114521176,-22.333916,-8.003293,-15.569024,-13.667958,-13.477866,-10.5797825,-6.1592016,64.89692,23.52854,18.203232,11.846593,14.897422,7.3304763,10.002636,8.845168,7.5961633,10.088474,10.443109,7.807103,8.565836,1695.6201031213557,403.5687365276085,1.1571905093327737,25.37513156841554,25.931847343954832,30.79305625460399,26.59003146985249,24.57460567025345,22.053711954560494,56.774304939646804,7.300993785547165,4.662254636060638,5.373595042503987,4.525774141754865,4.050137824909848,2.9263063151185165,4.323234185944038,3349.539543666585,813.061266532299,0.5689000292846639,0.0666822870431309,0.024689150551564107,3.0643837872486737,103.125,ΜΑΝΩΛΗΣ ΣΤ
0.21693963,0.07503648,0.19616061,0.06914618,0.20769075,0.22595163,0.21561922,0.4016455,0.29809633,0.32957163,0.22350514,0.17128806,0.19419475,0.087691374,0.17857741,0.09765146,0.1644705,0.18733138,0.15443526,0.21128601,0.18646556,0.15783148,0.16213992,0.14778693,-242.6251,117.12504,-27.047293,20.870996,12.831721,-13.263967,-9.883915,-7.445744,-9.040991,-16.070116,-13.213511,-10.279515,-15.935615,50.980026,22.81876,15.375342,11.041163,11.109192,10.54381,9.595475,7.412494,6.9716167,8.115817,8.168881,8.521598,8.72691,1829.6290361006177,487.55610581014577,0.8264348610358371,23.44815048632231,22.72527180477013,29.84672413099924,27.15050686422078,28.031665401314637,23.35425413590256,52.16030955020156,4.954611324924713,4.6451177084237285,5.029200633180601,4.739851564017119,4.744706380915588,3.4348709793403125,3.9810818204029768,3365.208507258886,1254.3435166696806,1.6488882768396007,0.08157414269441929,0.029246213145137787,0.7799984928653035,122.76785714285714,ΔΕΡΜΙΤΖΟΓΙ
0.31655303,0.17674348,0.061568394,0.041515455,0.05956578,0.41596243,0.25759843,0.09697579,0.071508065,0.21508043,0.54948044,0.25306594,0.14588098,0.16067083,0.09253186,0.069723405,0.07573806,0.1461857,0.17480595,0.111622,0.08560411,0.13752182,0.15657085,0.10938839,-263.76114,165.1731,-48.156292,7.6674604,5.787748,-18.492771,6.0702934,-16.04748,-16.271662,-0.5061339,-14.148758,-7.840606,2.2101245,37.879658,21.032778,13.655569,8.234328,10.894208,6.9489408,7.9444222,8.972695,6.062503,8.206784,7.4398026,6.6096864,8.776511,1165.1265325293011,256.1664257358363,8.662352107141663,22.130602915880168,27.66845856583992,30.525136655341147,27.014941356407906,26.17002814075432,29.548904402722776,46.74022889337188,3.892943421558503,4.7795671794628465,4.886386137471995,3.3331408648259995,3.783240177954554,2.814048748285586,2.922997663630431,2136.7720748327506,529.3357568612204,3.6555978278416332,0.06636622694672131,0.019754663590811166,4.6116980639216605,95.48611111111111,ΘΑΝΑΣΗΣ ΣΚ
0.36913428,0.267989,0.21522601,0.5822402,0.018849105,0.07350799,0.034245733,0.31747153,0.4403124,0.005323561,0.082339294,0.08881366,0.108100004,0.10240879,0.07580421,0.097531565,0.026654376,0.08499125,0.04624798,0.08643814,0.1237908,0.015448642,0.10430284,0.09427146,-251.57635,163.34413,-61.579178,8.397808,-3.0556695,-6.6419516,-5.5008397,-21.430727,-24.04672,-15.933591,-12.757053,-21.9596,-25.078201,38.16066,17.405327,12.031714,6.680382,6.3850555,6.3881826,5.647525,6.14838,5.925667,5.452381,5.8386145,6.3426237,6.057346,1228.516732578788,159.54769171889623,3.8787722631370314,25.420257834228426,22.5527567979787,27.19842461648566,28.653570820415105,25.867985505465818,24.477248319848755,53.48435299053996,4.999856584613308,4.815210470591082,4.138520950276709,3.4921871644191764,3.257494713879247,2.6036047610236994,2.677043046217311,2100.398369733581,315.68916016088565,2.7407064198498468,0.0748382736812831,0.01806016258535449,-0.0707159091196301,107.421875,ΣΤΕΛΙΟΣ ΦΟ
0.0906788,0.53081334,0.35974222,0.07314721,0.13312936,0.11994559,0.51431906,0.3141398,0.08990959,0.03471851,0.054423645,0.14795496,0.08109139,0.115486816,0.13104309,0.092683576,0.16422975,0.11537609,0.09667994,0.107140586,0.08899194,0.07540375,0.093464606,0.12908885,-262.96997,150.46939,-56.210682,1.4667872,-6.428072,-24.30106,-10.3619795,-19.959745,-13.227939,-8.156291,-13.969422,-9.664853,-4.9833183,52.51232,28.980177,13.745023,9.111594,8.207883,6.7639823,6.4105854,6.1245203,6.870434,8.5806465,7.68841,7.6188164,7.1720777,1275.6485817633325,312.0882976457925,0.4687317482582523,26.04857948969666,23.96781157989166,28.075063643894122,25.992593464439924,26.140537575844093,26.82083698943638,49.423029535303186,4.085702287610859,3.682149143044282,4.321342436400362,3.4556932305355703,2.9274504373310166,2.8789770616061863,4.667865115240228,2251.398719987909,596.9882612050806,0.6789026999287585,0.07257274063651543,0.019460907985952562,-0.5473733112199478,122.76785714285714,ΜΑΝΩΛΗΣ ΛΑ
0.39280128,0.2259891,0.29280013,0.20836465,0.1534643,0.30703875,0.050390452,0.22096287,0.08912361,0.08278674,0.24075967,0.104396075,0.25246224,0.20735931,0.2387171,0.19147873,0.12269334,0.25924546,0.07830277,0.19216612,0.16550897,0.10728565,0.19693427,0.096163735,-293.32648,144.9272,-48.676258,-11.853586,0.3634943,-12.117699,0.03682277,-16.670073,-24.336504,-10.773223,-10.132374,-11.909673,-3.371935,38.019123,18.14467,17.273422,12.128985,10.8303795,8.068941,8.12931,6.1222973,7.952691,8.127566,6.457785,7.931069,7.033883,1222.6249500704837,235.83599568658568,2.585905991055529,22.994386261823998,24.03336628665107,28.92152161462904,27.185383111763542,25.358073488383816,23.793257662743663,48.65954531004763,4.21011919901081,4.877155033022492,5.110622878724633,4.200430493552553,4.014341279137902,3.452955733141569,2.5070135498970436,2067.7386966930912,520.67206122864,2.0264571812484777,0.06801925639755237,0.02134967448381447,0.279695248105759,151.65441176470588,ΜΑΝΩΛΗΣ ΛΑ
0.37997058,0.088430054,0.3496875,0.15444675,0.12515959,0.27111468,0.062064342,0.31320146,0.17824854,0.19063134,0.22085834,0.13051155,0.2194079,0.103742525,0.22448033,0.17228709,0.123946436,0.19219513,0.08471623,0.22739537,0.20288779,0.19910021,0.1850054,0.10692281,-298.47012,128.66383,-60.95011,-4.177486,-0.71243936,-17.245659,-4.5638604,-23.791916,-26.541523,-9.825099,-7.0747304,-3.3218055,4.970862,50.021957,26.017939,16.513975,12.241395,12.987052,8.179351,7.1264043,7.5304193,8.851827,8.97835,8.999712,8.874221,8.483922,1386.0186288371967,327.428577487786,-0.2810589062860673,22.942893127174795,22.618714526765853,30.739597918902117,27.83483354566468,26.32728000738,25.264217829020822,50.36125613471387,4.189290628622134,5.249131354873684,5.184755479202641,3.898134467660722,3.725808113831475,3.11433729752499,4.4669127203236645,2393.674523148695,650.4710614723153,0.16474958821085448,0.08153679819446084,0.026064082160989127,0.08539277814519124,161.1328125,ΜΑΝΩΛΗΣ ΛΑ
0.48627326,0.032898623,0.19992004,0.043787714,0.054544218,0.2844088,0.025059024,0.204166,0.07370019,0.23900166,0.57174534,0.1995423,0.17371686,0.0596227,0.13513896,0.08144114,0.06244498,0.13740718,0.052620742,0.15499611,0.08373286,0.14659846,0.14804526,0.08069632,-262.2704,164.31308,-60.482025,24.289288,5.0971274,-24.162975,1.2012246,-16.442488,-12.098647,-5.4249887,-12.910518,0.5090488,10.82511,45.635902,22.94402,14.49564,8.449488,6.3091674,6.9464817,7.5918555,6.9523234,6.353903,6.178867,8.24977,9.137967,8.57107,1328.4167243060576,269.9891201783197,3.180109349389275,22.048455963857354,25.387960724337542,28.728130071052824,26.93760794257245,26.693071082427643,29.574864360515353,49.38886411628253,3.841225077096628,4.877366760301478,4.6133767048981715,3.1746374409200304,3.2114492678831796,3.109298954676519,3.461535711924966,2446.279743877665,474.9257637681552,1.668773570652132,0.08129558844770389,0.029154179742527868,0.8205751854682665,161.1328125,ΘΑΝΑΣΗΣ ΣΚ
0.31521055,0.18006146,0.12598006,0.08460376,0.29804763,0.19457497,0.079049885,0.08218167,0.23007004,0.40093368,0.2286123,0.35062146,0.15967938,0.17522256,0.16839698,0.11565798,0.22356462,0.19697624,0.0884198,0.087104075,0.1462216,0.21556576,0.15862061,0.14658535,-269.3439,143.69371,-58.27172,31.76743,-19.307592,-10.64213,9.373119,-19.102528,-9.344183,-15.20206,-19.254622,-8.14191,-4.2243986,58.681892,27.008665,15.087095,10.350161,14.263087,6.09805,8.51504,8.266763,6.0506396,7.050597,7.790126,8.712277,6.9788785,1543.0570736844966,342.14944977131285,-1.1249125371609707,23.39319847615266,23.319031964003997,28.93140701632757,27.87460802335733,25.117633799672227,28.912693126956544,51.367628526914906,4.150633406409237,4.607954328887517,4.917449295919018,3.8894475941371933,3.821678335433329,3.813303755085286,5.361315885386888,3022.9898036831723,667.2209032515087,-1.5549160169288618,0.08188086654876887,0.027382702769570565,0.5767706566760172,135.69078947368422,ΘΑΝΑΣΗΣ ΣΚ
0.15363401,0.6199737,0.18731117,0.08140368,0.07396841,0.10472516,0.26874223,0.025088647,0.22723117,0.05163026,0.24287964,0.34300467,0.087226816,0.1548661,0.17395212,0.113272004,0.119737506,0.10448118,0.1746001,0.054097872,0.11798316,0.07415214,0.2186821,0.1717463,-267.4302,151.6039,-53.479225,-6.055447,-1.2088789,-20.432184,-4.9292893,-13.651035,-15.134202,-8.779417,-14.171116,-7.896637,0.3877191,33.68625,18.678175,12.434795,10.734925,10.203214,6.6452036,8.570063,6.106508,7.2347364,8.415112,8.937465,8.871406,9.274229,1307.1918869609779,244.76270778270683,3.184410536765352,25.38136961926057,22.028613151247637,28.656573848125117,26.466039624375657,26.194121218291595,26.068386673176708,50.045977080998476,3.9402000403609354,4.453916605197276,4.8288704396579405,3.7409659198432856,3.2913777279109655,3.2713622408396015,2.7046786614111396,2281.100407423692,497.6137674179976,2.610974110419302,0.07592366213264495,0.02012491302789162,0.7274988988857195,112.09239130434783,ΜΑΝΩΛΗΣ ΛΑ
0.30409732,0.1995151,0.13143107,0.065265544,0.15683746,0.15492281,0.12072191,0.17761537,0.29837954,0.4038654,0.2092779,0.23479007,0.22606595,0.19881845,0.16221511,0.111257516,0.18539974,0.19011222,0.13903351,0.17639293,0.23195511,0.20542589,0.15440574,0.17398958,-326.5982,143.86913,-46.567814,-7.1133504,1.3221709,-20.342443,-8.119617,-18.01536,-26.370815,-20.201975,-16.144974,-14.135708,-7.8376346,25.448195,13.000143,9.188722,6.9947586,6.3370085,5.4690924,4.3703327,5.74358,6.5698953,5.0222635,7.109702,9.780708,9.414363,1182.1389299936945,161.96571968275597,4.079186396065747,21.27431245237666,18.459694949389313,28.976739645511422,24.559478297612266,21.96728588602508,21.99935046727271,48.886735642069034,4.415430443569949,4.596820802210859,5.424408276556637,3.5380318148976166,3.037722858972407,2.504777677572599,2.1341316296720345,2110.4406917224346,347.4052723837943,2.2071380481728955,0.05833800141411727,0.01715709168930047,1.1480841734598117,95.48611111111111,ΑΝΔΡΕΑΣ ΡΟ
0.24709098,0.13803013,0.11435811,0.3514616,0.4349754,0.04759782,0.13377228,0.06955875,0.16232963,0.19175412,0.21943446,0.44618413,0.17696977,0.16308975,0.14057608,0.13519248,0.20019631,0.057810497,0.119675614,0.09525912,0.12914431,0.168984,0.1235112,0.18834695,-228.42757,128.88438,-62.708027,28.86656,-25.680182,-15.439666,-3.982416,-17.95409,-9.459088,-10.931644,-12.706558,0.90569246,-3.0682878,65.677666,27.747408,15.560981,10.360846,9.220468,6.5134225,7.0180445,7.4245605,6.9000945,8.252029,9.236156,7.373031,8.520802,1690.5990007835157,391.9871285832462,-1.5163202198513588,20.66469865816026,24.21152538792235,28.75391660770775,28.217455412267974,25.30995892177488,27.30965304538833,52.24530812409646,3.745701394279804,4.469696684539114,4.3358756165671934,4.078453484852156,3.517695018743266,2.9740076959007102,5.266702906941248,3186.338366777829,715.974965114978,-1.8619431403655575,0.08836844628893416,0.026040312850876966,-0.5727171652883754,107.421875,ΑΛΕΚΟΣ ΚΑΡ
0.20640343,0.12251942,0.4049139,0.23393309,0.07624043,0.040751945,0.13694808,0.43310848,0.24939908,0.3419883,0.18749219,0.26610273,0.1418552,0.117193446,0.11428937,0.12228704,0.08794791,0.066531084,0.082173415,0.16748455,0.1377996,0.19786243,0.15519741,0.18361112,-246.8555,152.99881,-52.925785,16.062387,-5.931332,-18.606583,-10.179676,-14.77182,-11.618028,-11.0112095,-6.5864277,-0.49235657,3.5174525,42.840553,20.447748,12.074247,8.633323,7.710582,7.4260798,5.8921523,5.4360504,5.8416295,7.0474386,6.985119,7.760867,8.194689,1399.0220754196782,280.0466525828838,0.8859424556937724,28.27243531191452,24.620275420171467,27.13853296297708,26.11860326368187,24.91752634368593,23.28651184498728,52.39010674759119,3.7411280048995805,4.5577594734048965,4.459687268731775,3.6952601004375247,3.5879904599879757,2.5211701398363062,3.492926665333731,2545.6345323230003,542.7446286131506,1.2172815972337392,0.07196337139713706,0.018130005803878548,2.187818255117993,122.76785714285714,ΓΙΩΡΓΗΣ ΚΑ
0.25817108,0.23589823,0.35976055,0.39015526,0.14549913,0.12794557,0.12706001,0.39701742,0.28411242,0.06726688,0.0460275,0.19058448,0.19087547,0.19766496,0.12627411,0.15163861,0.1588965,0.16192573,0.13736117,0.13910863,0.15733638,0.10612842,0.07123575,0.1258329,-324.3767,125.58816,-49.995827,-2.9665554,4.101774,-2.3198788,0.5298209,-19.17771,-15.365319,-5.7694306,-12.253519,-11.68422,-7.9239407,45.581223,22.440838,19.201979,13.886345,16.439062,12.387158,8.785431,8.873362,7.4855847,7.5074697,10.675981,7.152748,8.543457,1420.2734536812325,294.1331301394518,2.520417595600053,22.613301219921627,23.691651628473487,28.705194669917006,29.429205101474416,27.287908423850936,26.36017512541207,52.62478492462621,3.975803203227293,5.528575984618207,5.076518596569501,4.33782908862709,4.217271707571579,3.509765200377458,3.457206929197476,2342.3360819765103,572.5010951988363,2.528654881888671,0.09007538353577992,0.027897630569585583,1.0246646818137761,128.90625,ΑΝΔΡΕΑΣ ΡΟ
0.17925577,0.051797085,0.07077654,0.09176718,0.52772605,0.21107358,0.19270709,0.19990323,0.16930859,0.20132808,0.09970817,0.5303859,0.13978267,0.08394245,0.11363506,0.072761595,0.10917572,0.1684566,0.13148226,0.14691119,0.09045151,0.18471517,0.08297231,0.13421868,-242.09059,170.13753,-58.062233,18.002502,-7.086653,-14.740988,6.871997,-26.343271,-22.490223,-11.937341,-8.133158,-9.6115885,-19.925163,44.792576,22.966936,16.872992,12.942826,11.34096,5.6490936,6.7491264,7.918026,6.376533,6.449695,6.1280336,6.4866276,8.200175,1268.1625990303414,294.9867866151277,3.0834213600253695,28.922563243438187,21.20379384106452,26.903788551544658,26.57292523941373,25.129936174167018,28.514261091464846,48.513053025498074,4.081239406304414,4.33790825574396,4.466858746374245,3.902419102669211,3.8258638490978765,3.126634984999649,3.8285792946506016,2391.0558398414078,674.794782143864,1.0741251015053215,0.07940124153075909,0.024372604411480397,1.6486679176732728,214.84375,ΘΑΝΑΣΗΣ ΣΚ
0.18673243,0.5242628,0.25685,0.11268055,0.14592248,0.15801507,0.2407108,0.0689211,0.19835842,0.08221029,0.2574564,0.35985315,0.13310844,0.14343195,0.118831135,0.14234436,0.1905051,0.14152189,0.15411922,0.08208088,0.13943079,0.09782257,0.20602404,0.17272495,-283.5091,146.4583,-55.591537,-3.1504633,-4.4093666,-21.116173,-4.8490725,-15.927311,-14.497014,-6.97416,-12.551093,-7.565046,-1.7777982,52.161655,28.648022,14.736186,9.4230795,11.712486,6.703258,7.753525,6.724453,7.577412,9.565221,11.520715,9.973744,10.44322,1298.6060106942803,335.59759387534547,1.541253785170323,26.46643745460082,22.04283862742976,29.41226631537843,26.753926754515962,25.884805708783382,25.72041166905067,49.25037639743586,3.8135826480538446,4.374636450009947,5.247236274467041,3.868960613197826,3.631308409702195,3.117482080708423,4.574689747400877,2277.487243061953,650.6783485579357,1.0757905653298983,0.07604626234310226,0.024169941351895853,1.1315217623848792,112.09239130434783,ΜΑΝΩΛΗΣ ΛΑ
0.3859703,0.27834976,0.20959707,0.14160317,0.20055051,0.08496495,0.11006073,0.104423486,0.13743171,0.26170132,0.12346805,0.39507237,0.18814665,0.18441808,0.2182836,0.14268945,0.18455479,0.10688253,0.16697666,0.14231141,0.18944936,0.22976507,0.11435216,0.21820273,-314.2801,171.69427,-41.45113,-37.202843,5.207714,-17.62827,-21.816753,-17.791002,-24.549654,-17.15955,-11.738291,-9.384576,0.6396211,42.853382,30.222256,14.179045,11.4853945,9.303002,9.327688,9.631427,7.005121,7.617545,10.328395,9.438199,8.841392,7.9083357,964.5265540592533,221.51831560675524,3.3500363051450104,21.524296437297146,20.60302852433168,30.110266754245256,25.875370670815002,27.582673602522668,23.91423857325551,44.110059331065905,4.200082029115934,4.963642482030049,4.6333587763747,3.943868890256104,3.761968609659821,3.299419372635538,3.5934900151424425,1562.090212603639,410.46019354932133,4.3702710950637185,0.05991431350040304,0.017060253439776695,-0.01895216480828521,103.125,ΜΑΝΩΛΗΣ ΛΑ
0.10123006,0.18406183,0.11161731,0.38527036,0.201783,0.13990508,0.30650553,0.09531278,0.17355414,0.10134303,0.3155585,0.439364,0.09848879,0.16793844,0.108397156,0.2016927,0.164552,0.1189875,0.20017672,0.13173135,0.17163333,0.12262446,0.14180025,0.21226904,-242.05226,145.6866,-44.450394,15.580341,-19.607176,-13.223752,3.9261637,-18.091234,-11.123954,-5.5881643,-2.8568554,1.6180928,-5.3447833,57.717415,29.232595,13.7955675,8.837965,10.206844,7.033199,6.1531515,6.68354,6.3023205,7.0114512,6.7393045,5.8161473,7.293716,1393.4000227813929,352.1621812292283,-0.2160578952237977,20.074084349887517,21.526641815345645,26.835125908418657,25.09521793135117,21.723700919496906,23.659726999427804,50.90539991959258,4.951373922398171,4.933217342878626,4.962138868228875,3.9012822611708424,3.3288861843257487,2.6252472516442302,5.212563392922547,2651.453093893866,734.9346673258619,-0.4557064870969515,0.0674159842758492,0.020602462370567464,0.5322828290487184,103.125,ΑΛΕΚΟΣ ΚΑΡ
0.16697627,0.5864306,0.3168939,0.17328641,0.29419473,0.18208785,0.2053149,0.07115949,0.17870504,0.04665292,0.09325878,0.29956993,0.11462381,0.13366878,0.12515756,0.12989862,0.21398386,0.14213583,0.122731835,0.083416685,0.10811193,0.07803495,0.09238201,0.1429093,-271.90872,136.9051,-60.572613,5.7045364,-10.142673,-21.326778,-5.860053,-17.807468,-13.509671,-4.8757024,-6.1920443,-3.9722693,-0.8823294,53.354702,27.846516,14.306029,9.759034,9.402164,6.952136,7.517974,6.6341963,7.261892,8.66421,8.51444,8.225547,9.960596,1481.7107005342507,370.6408635699775,0.41726974169493425,25.630274756077366,20.15804044496947,27.49115054504158,26.7733723768595,25.485893309859417,26.01500483206275,51.63053106137581,3.9348730739996984,4.298288846539988,4.845304064816557,3.81260883621981,3.5246836095656833,3.4576408207384786,5.098665107171835,2623.264701066617,692.2705611128355,-0.052612777023077414,0.08676798296435974,0.028294814733092453,0.47542238067726095,171.875,ΜΑΝΩΛΗΣ ΛΑ
0.3983157,0.42157134,0.17669918,0.26998287,0.28973386,0.2504679,0.06702547,0.09008267,0.03635383,0.16373907,0.14257371,0.31176615,0.15399875,0.20989862,0.15035973,0.18701294,0.15168318,0.15141326,0.092065915,0.12569728,0.06582008,0.14001526,0.11790557,0.1432975,-308.43204,129.17744,-64.48488,1.7084862,4.7717896,-18.642479,-3.3289454,-14.310711,-18.640078,-6.982417,3.4815133,16.217957,12.658338,50.18976,24.77909,16.835957,10.0080595,10.54719,7.5288515,7.4687843,6.138054,8.052838,8.755422,8.910048,12.129714,12.270244,1525.3337227094835,337.2456027585644,-0.8868683248643223,24.14780995289424,22.66831717535452,29.29179442988037,27.97308538235268,25.16404744173104,26.051540822783423,50.74532069420134,3.9905556301105625,4.9443691128268865,4.840096626649815,4.277416272977857,3.881013683328792,3.1685160014449303,4.169210470278618,2547.261755000627,588.3649320725357,-0.33197045721189405,0.09130853251583271,0.026974570635200514,-0.34950525166930446,103.125,ΓΙΩΡΓΗΣ ΚΑ
0.44755656,0.042100135,0.07647476,0.15571108,0.22570117,0.08319523,0.27942416,0.4011217,0.071223184,0.095477894,0.19267826,0.4783173,0.17249483,0.05594139,0.08646817,0.11824482,0.16534488,0.11906101,0.12315242,0.1386539,0.110407695,0.11772792,0.120708145,0.14148436,-265.3553,140.45348,-42.929077,35.63605,3.498562,-10.749358,1.090415,-25.474165,-15.669694,-13.376034,-15.026396,-3.438047,-6.036889,40.61281,21.144096,16.326195,13.709306,14.927301,6.5175977,8.922303,7.9917274,6.501339,7.024766,7.5599036,6.7652664,10.350637,1467.172200156266,370.3971600329808,1.6626563159127206,25.388182492878023,21.23203424597951,29.628997533912287,26.453959069994923,25.400278170089127,28.60915950741215,51.609828533525054,4.549159845665046,4.413761025754572,5.748717479042446,4.571131885993693,4.638708160522881,3.6052978204162365,3.1589529488644397,2826.0088564383427,663.0444560440792,0.9519039755150592,0.07394969838339281,0.027543013601179524,1.3007048776326173,107.421875,ΘΑΝΑΣΗΣ ΣΚ
0.4018862,0.22868556,0.1482111,0.16722614,0.25050634,0.28376704,0.10920625,0.10890577,0.12839425,0.21536547,0.15836987,0.20343825,0.23933358,0.19269238,0.19880953,0.19716734,0.19258004,0.2585723,0.15197903,0.12656212,0.14931779,0.2131578,0.16304705,0.17225076,-295.79193,110.30665,-56.222607,1.9796574,-7.250562,-13.351232,-2.109277,-16.8953,-19.72001,-6.4256334,-4.864877,-2.864015,7.660591,59.79888,27.15482,24.012806,15.240574,19.997963,9.7263975,9.399524,8.017135,9.257943,12.179481,13.967995,14.011523,11.754454,1493.729692183089,361.30184343416937,0.09807937572718248,22.202247265891728,23.574204026754142,31.902742333763914,29.710247462031948,27.70329434320397,27.080093482908108,51.608997317509136,4.324220581690556,6.092585509201577,5.559009659228989,4.473353426809304,4.833153801307044,3.9336424272054598,4.674688270731321,2654.0179754710407,696.9355922219012,0.0844833809911379,0.08415115857491215,0.029952474257062142,0.39903095581959774,128.90625,ΜΑΝΩΛΗΣ ΛΑ
0.15692258,0.2379262,0.25997096,0.13196722,0.21309316,0.2765969,0.08839059,0.13821937,0.17026408,0.44546497,0.3384068,0.13581638,0.1475854,0.19691125,0.1951683,0.1413986,0.14603299,0.18201266,0.1164591,0.13485374,0.17238292,0.18839794,0.19185062,0.13297157,-300.29544,175.39569,-20.696209,0.33170566,10.250062,-8.348511,-1.4808508,-10.793193,-15.057024,-9.919167,-10.1855135,-10.43108,-11.432089,33.31981,20.162798,14.2885275,12.283234,10.874345,8.792736,7.604134,7.639333,6.388964,6.487403,5.8795176,6.3888535,7.9254446,910.3572846231584,188.09622374652392,6.74766345906243,21.637764837052508,23.61338393891415,27.912900324576665,27.418334672090833,25.153737175549026,23.725658216397562,49.292684346706636,6.152946100244094,5.518592992024643,5.45861778066788,4.431377834950437,3.835828702189068,3.2779812707311056,2.7196566870841288,1567.2971430214268,389.86882387457104,4.743311464137869,0.0515017314740622,0.016665739119978193,0.8870469785168366,59.95639534883721,ΣΤΕΛΙΟΣ ΦΟ
0.24443953,0.15635945,0.12754826,0.3571443,0.38685867,0.15739371,0.3116956,0.06639266,0.09566221,0.08898926,0.15288155,0.3754639,0.24023989,0.16652928,0.12275529,0.16911703,0.19705336,0.11763022,0.1561238,0.10731124,0.18139935,0.1244505,0.1305175,0.17739029,-342.99875,136.67332,-39.969887,-20.010826,1.3359897,-20.690672,-14.215576,-13.895227,-21.549398,-16.770266,-11.028734,-3.9539294,1.2395331,41.925854,24.252943,14.828143,10.488634,8.202234,9.169863,7.813309,6.0115275,7.514321,9.891792,8.232339,8.5153055,8.738869,1211.3895286182371,266.4091003340732,2.9424133333970444,22.18940571595789,21.40553016658192,28.221746816385632,27.209256726708126,24.66546930462353,22.423122183438455,48.69202626748347,4.062330671465391,3.9970342836138113,4.878885081756276,4.499528708091851,3.6013865866708468,3.1198040063569583,3.782145369193885,2045.0789026607963,510.0147272880903,2.3530027523848904,0.0764607943920073,0.021628899505443333,0.5299433623258879,95.48611111111111,ΑΝΔΡΕΑΣ ΡΟ
0.103884995,0.16748744,0.1332343,0.40049452,0.13057159,0.1591292,0.1190479,0.18486123,0.28666532,0.34681326,0.4680856,0.16119571,0.105375744,0.15474091,0.115067646,0.1947565,0.13690329,0.126462,0.1088626,0.12709394,0.19557056,0.14588426,0.15188216,0.11484816,-238.38956,131.31691,-40.634003,25.954731,3.3709784,4.5893736,-1.9209155,-12.650284,-13.979489,-12.693508,-18.626934,-11.8001,-12.040829,36.639442,20.81949,14.239883,9.830596,8.726061,8.5358715,7.6660504,7.5062094,7.483516,9.790643,11.729451,11.025187,10.67118,1562.7167885341528,350.9869489097787,3.00149685321344,18.062333434107238,23.821834882003568,29.44768660000431,29.717902812124084,30.004929716626055,26.825223005547763,52.38222476203808,4.904831222193196,4.685042329730168,5.577532892644677,4.459440930784511,4.520993931071143,3.3314615263321485,3.345140671063672,2806.0738239073626,699.0493428307562,2.6818280051777426,0.0809379733624799,0.028895607757875204,1.373505880733041,184.15178571428572,ΔΕΡΜΙΤΖΟΓΙ
0.16171642,0.4596923,0.3363617,0.21823534,0.118600436,0.11544043,0.3490112,0.062064484,0.13502014,0.04483415,0.13584186,0.28908372,0.11567251,0.18176636,0.22635414,0.16949894,0.1306021,0.13326539,0.2539256,0.0961211,0.11491421,0.085453086,0.107494555,0.21821588,-269.18164,111.47703,-40.235344,14.270135,-22.297949,-8.436782,-1.7979444,-17.307327,-6.1244473,0.30925196,3.9438605,10.98093,1.3755423,63.390163,28.373941,12.648808,9.139373,9.655682,6.59829,6.941395,7.746982,5.939317,7.026678,8.522115,8.366871,10.440613,1667.2632356541224,450.38500556916614,-1.7291810468999813,17.283465123962184,19.97265071984501,29.047139736348363,25.863165493729152,21.337517538745214,21.80225424892105,53.49232234147534,4.624425411962835,4.530426852517568,5.171225641823176,4.067240237635058,3.6586042211822667,2.806108311350865,6.447852034384174,3248.873551494789,898.099485110269,-1.881473135209476,0.0725487370577345,0.023094772351271626,0.23909757045925692,122.76785714285714,ΑΛΕΚΟΣ ΚΑΡ
0.2289365,0.14435847,0.30794713,0.20723891,0.053069126,0.25206217,0.050900582,0.13209943,0.14100595,0.3381562,0.49838853,0.0631743,0.1494125,0.15621458,0.21850368,0.21469174,0.07018465,0.18129814,0.08235596,0.1512876,0.15370116,0.18747546,0.20899293,0.07405497,-335.03384,133.08446,-34.15435,-16.018637,4.7651887,-18.00393,-11.223969,-14.301734,-24.565233,-14.279502,-11.57787,-13.351814,-2.898731,34.358833,21.440248,11.555607,7.380944,5.334371,7.750258,4.984111,5.616632,6.7248487,6.653936,8.622589,11.325372,8.899735,1118.3160070461456,242.75258668163775,0.798025040069562,25.769478751585822,19.33001551778123,29.028485910325916,25.690690399381985,23.50595977778984,24.072118291499596,47.07131360109367,4.352715280972017,4.89675268267733,5.371157501065596,3.598973276905089,2.7988826405032112,2.417474324723728,3.2864452600816043,1959.8419325605482,495.99766466999944,1.5499740198531833,0.06228321432839388,0.01908218782350486,-0.10171291507059521,151.65441176470588,ΑΝΔΡΕΑΣ ΡΟ
0.21910016,0.38868687,0.20223011,0.26125845,0.13931096,0.12671705,0.27029195,0.09747129,0.15385258,0.07126192,0.24054855,0.46542817,0.12170629,0.16759603,0.12921256,0.20752266,0.16798751,0.11318128,0.15894777,0.12921873,0.12711644,0.089593776,0.16693506,0.18110363,-235.16774,125.13723,-50.59384,17.232132,-22.935823,-10.189447,4.3415155,-20.440496,-8.488827,-4.0191817,-0.7298885,4.171448,-0.76215565,43.42358,18.784506,12.942384,9.292243,9.52531,6.79474,8.112565,7.513945,6.653681,8.220486,8.970845,8.851435,9.758867,1666.773917213868,299.738688003121,1.090963949368591,18.38458211095928,22.366327207459783,28.457115250304845,26.622718660106127,23.23626880341429,24.083114625782756,53.35864487205475,4.019117381952007,4.951075840572372,4.807761406924502,3.8655853134309606,3.826195852807826,2.895479981535795,3.187995622216809,3192.97057134531,563.4152215809444,0.0065880838309863654,0.08068618648861767,0.0217078442589734,1.0585036111719106,151.65441176470588,ΑΛΕΚΟΣ ΚΑΡ
0.14033327,0.6285097,0.43183452,0.12059681,0.18036978,0.1342585,0.2192266,0.07759931,0.22247133,0.0677928,0.07372388,0.21719572,0.08727149,0.10668957,0.11774477,0.10241822,0.16808178,0.12183978,0.15168574,0.09781495,0.13323754,0.08722303,0.0834731,0.14685166,-264.46408,145.92233,-60.655872,3.5289907,-9.494663,-20.559937,-7.2193036,-16.661812,-11.035954,-5.4036984,-8.035445,-4.842985,-2.0861175,45.45939,22.73829,12.298772,9.620152,10.49589,6.321084,7.0848784,6.104429,7.611677,9.297569,8.89979,8.753412,10.330699,1406.7015104680963,295.74427180820805,1.5799934842120145,25.35900745356608,20.83698921126608,27.689133612112585,26.49200567170884,26.128302258912296,25.865291900900594,51.479420346692194,4.183056487195751,4.163913443200736,5.237504133504012,3.623217162297206,3.498726980102848,3.076735175042394,3.993674473229834,2452.4958340099797,584.5396982477882,1.5841070245963633,0.08196741070110429,0.023194372815843706,0.37835475482123987,171.875,ΜΑΝΩΛΗΣ ΛΑ
0.27573168,0.13571315,0.11167399,0.10790843,0.39923754,0.25535107,0.2503474,0.25338733,0.26834133,0.28027782,0.18366554,0.28320816,0.17830639,0.15435337,0.12561707,0.08719801,0.13991934,0.16257568,0.14960523,0.14657454,0.14497499,0.17569242,0.14927092,0.1497316,-277.8001,142.37257,-68.18987,5.853289,-7.125463,-15.487042,-8.008776,-9.553887,-14.793161,-4.8365197,-4.7571926,-11.523323,-6.686488,54.12361,26.184631,16.883617,14.067138,10.715584,7.0075984,7.674407,7.113405,7.449436,8.183445,7.3891187,8.648032,10.500653,1554.7877480455847,368.0359542065513,-0.1655961085578472,28.050617190743253,23.61936304377491,26.630396397599494,24.578618570930878,24.903802913308432,23.643042518279607,52.43372248694683,4.372583107998956,5.551515316819785,5.3783142999098965,4.101010277438025,4.070252515309259,2.810646239044125,4.228411497490032,2662.659522035552,638.2216652219493,-0.12749100751073086,0.09304232959041038,0.026053849199245468,-0.11440242972918487,103.125,ΓΙΩΡΓΗΣ ΚΑ
0.10756635,0.1761915,0.057163905,0.093408,0.21462747,0.12842868,0.2947344,0.2415749,0.33643404,0.33982372,0.19379851,0.3747293,0.12905398,0.13675953,0.118279375,0.11726232,0.19755565,0.1388706,0.2138607,0.15195195,0.16504996,0.23515297,0.13618036,0.19909425,-245.40254,151.4448,-58.800503,28.328264,-14.9929495,-20.124405,8.9295025,-15.990292,-10.147218,-12.991233,-9.403163,-2.5143225,-6.1230464,38.58941,18.262869,13.774549,10.4646,8.31993,7.3466215,7.781015,6.5602283,6.522885,7.8726454,8.549283,8.646224,9.258601,1430.2324454653947,253.45932380968486,2.4423971676744665,23.25387757969521,25.498114332590873,27.753473175579323,26.974739017255285,24.975709425602485,28.019118398550894,50.77351211275571,5.191056778209835,5.196729286368888,4.3644629435135345,3.8251848188826445,3.914046860963892,3.068327549626191,2.547360907085718,2782.009631821958,483.76593290335643,1.3869587588840464,0.07533410819274029,0.020405043562238854,0.31064104666718445,161.1328125,ΑΛΕΚΟΣ ΚΑΡ
0.45678306,0.24601299,0.21492773,0.08608054,0.17683539,0.2123379,0.041317366,0.08995617,0.09949715,0.28751886,0.3096062,0.30385295,0.19001451,0.19262049,0.14923944,0.11455068,0.1549219,0.15347673,0.075679034,0.104630455,0.14564843,0.24399815,0.18463592,0.1504796,-284.6105,164.6798,-54.40216,-3.1698046,-12.084657,-27.648445,-3.3549895,-24.078106,-22.076952,-10.688893,-12.846165,-4.7504373,-0.7860105,49.28312,28.368135,13.812153,9.658064,6.584962,6.5243816,5.688552,6.8492503,6.230025,6.716322,7.3593764,6.8516316,6.1453366,1137.3466807393222,270.35072879624994,3.383905383341626,20.143277970979515,22.1977033103667,28.498004844965607,24.249785766269035,20.246426088207237,25.21566513305146,47.09676312113559,3.715832100549017,4.842933279232625,4.615278073602726,3.40736340030651,2.9294066694291403,2.283142984109006,3.86630564080816,1988.0295262852553,554.2270190474954,2.004136794472548,0.061465213316672616,0.017421446001563316,1.485478868385514,151.65441176470588,ΓΙΩΡΓΗΣ ΚΑ
0.28970212,0.33038893,0.17138395,0.19981578,0.3685479,0.07732577,0.106288716,0.099776946,0.17973472,0.17347988,0.11710415,0.3540076,0.19642206,0.23318383,0.19974758,0.14656474,0.1945764,0.0970309,0.16090946,0.1409238,0.19515508,0.17036374,0.11965967,0.21055195,-309.99713,141.54199,-30.656576,-9.70545,-8.862716,-25.161322,-14.085657,-19.147266,-20.780144,-12.64309,-8.92773,-3.894735,5.6020565,45.1216,25.247065,13.981658,8.239856,10.050507,7.7917933,8.598623,7.618244,6.8288035,9.225683,8.785909,10.631836,11.054484,1135.8458109541136,253.9181937134133,1.6154384223525502,19.807580833001584,21.629311191853056,28.747263716477555,26.58027842261996,24.574163837058663,22.502565257295743,49.25547188207365,4.144291248153235,4.638729172254398,4.933176066560283,4.651412466305784,3.558889908609925,3.03744067342747,3.881336087032117,1938.181028309802,534.8942143897467,1.6419882370065693,0.05883266368186552,0.016305537406243725,3.0218044199575074,143.22916666666666,ΘΑΝΑΣΗΣ ΣΚ
0.08619317,0.4971243,0.04284578,0.07631476,0.021806983,0.20159392,0.49324432,0.16599564,0.2997339,0.079231404,0.33887193,0.15867047,0.08181139,0.13902484,0.08396371,0.12347408,0.06340372,0.12493707,0.1757441,0.10180844,0.1425692,0.09961478,0.14749415,0.11635616,-242.62234,146.16336,-5.2524767,26.257692,1.2387816,4.424678,2.0305352,-5.566899,-11.291746,-13.156976,-9.232413,-5.6957808,-12.839627,72.43333,36.486362,13.977753,11.160141,9.549718,7.445645,8.378267,7.339831,8.727564,7.3608418,8.404292,6.8490515,8.281029,1170.3745201883055,388.32852578350924,0.8212100162458337,24.85712383712787,22.65060325918088,27.83863121586989,26.80232040173729,25.8115724484188,24.216970713907877,51.12981861956959,5.138984819901741,4.618884900557394,4.388987417175626,4.150137621025499,4.001536367748675,3.6904304012661986,7.419340734257435,2193.0077512415055,854.1596964709025,0.661218937424359,0.04870964086186618,0.017743343326931497,0.7949418191492326,103.125,ΔΕΡΜΙΤΖΟΓΙ
0.589628,0.17852072,0.07423813,0.08408662,0.17493598,0.233733,0.097311325,0.23713912,0.23606119,0.045681935,0.083706334,0.38115337,0.13438782,0.18494536,0.114369504,0.12685223,0.17926459,0.2097835,0.105380006,0.15912054,0.14642681,0.074354656,0.102408364,0.12405612,-301.97394,126.2129,-49.74178,9.029979,-0.08947091,-18.928337,-5.417012,-12.861313,-15.41635,-10.098651,-13.222196,-16.01299,-6.0921082,53.40917,27.329971,23.197952,18.149523,13.820376,10.470629,8.192813,8.025128,7.2897096,8.479157,12.313451,9.207812,11.189977,1453.248568307449,399.60510842854404,0.522583572246473,25.489830618514876,23.676423108604414,27.592229182378563,28.043282703251954,25.984774630763727,25.40565592818277,51.46079654494099,4.878886128502229,4.726298190936308,5.127450356301777,4.762401524754074,4.5399846795747205,3.7160647360240975,4.755674355901877,2574.266647104009,687.7318716802182,0.470064044579553,0.08361521956840111,0.03088874578219133,0.393211377683903,135.69078947368422,ΑΝΔΡΕΑΣ ΡΟ
0.56978786,0.12785849,0.09319531,0.055268154,0.24067706,0.2413962,0.050877556,0.20258783,0.09495936,0.40370739,0.2230701,0.26407656,0.1398662,0.096927196,0.12335269,0.09833769,0.14170067,0.1639091,0.06686293,0.12342143,0.09307133,0.1430351,0.1836595,0.11219621,-283.76614,118.18372,-70.40553,15.358163,-13.713425,-18.250027,-6.248473,-20.296501,-14.52791,-8.338105,-18.536116,-19.230715,-7.1522436,46.273636,20.297596,16.310968,15.693987,12.724425,9.454768,8.927441,7.775894,8.419917,10.380608,9.612385,8.635298,9.867973,1751.319816276104,356.05880050731173,0.27553586972065375,23.781016598764403,23.663165908732154,26.93382348539967,26.230865352671643,25.613472047961935,26.213895856660482,54.15349234973009,4.305030725417081,4.904312038038552,5.071789827278857,4.382317006842905,4.023696418729384,3.338584982417688,3.832304807137086,3105.240053304276,607.2360735591446,-0.14870715209901192,0.1033385231071092,0.030776768337991107,0.34401638685939673,112.09239130434783,ΑΝΔΡΕΑΣ ΡΟ
0.2744011,0.23293564,0.43142176,0.39482474,0.077169724,0.052800346,0.120212644,0.35344955,0.28585348,0.05991943,0.042673558,0.23453021,0.21086664,0.16020446,0.13493076,0.13991836,0.11206939,0.09097953,0.14507422,0.13202228,0.12535015,0.084841155,0.07793375,0.20487493,-284.53552,133.7318,-24.878752,31.790401,-8.634299,-7.9143276,6.5121155,-26.037163,-18.625217,-11.720454,-16.56184,-14.058734,-12.361895,47.2399,25.378542,16.886564,13.565398,11.231317,9.039777,7.3377953,8.297387,7.0093603,7.383898,9.086729,6.7924733,7.8969717,1296.338221832881,371.28120350029525,0.5961264547382326,22.35648874004338,25.34450350188236,28.97005759977208,28.067808592288944,24.35271506396786,26.15557182598359,49.60167867416334,4.096949794810359,5.508788149008882,5.362862716385504,4.552405297924882,4.3306219851202545,3.864573974308527,4.656250884207274,2574.1891868391763,803.0087024696219,-0.21092762037161344,0.055236863957289925,0.0253082339760104,1.3778287115223014,128.90625,ΣΤΕΛΙΟΣ ΦΟ
0.23711891,0.14972542,0.23144019,0.057638,0.21633533,0.13757515,0.32657877,0.4157869,0.1400633,0.2524562,0.06927343,0.29728946,0.20723708,0.15661971,0.18563347,0.09078478,0.18837939,0.17102814,0.1657437,0.16253719,0.13089256,0.22343259,0.09196407,0.19585836,-321.08804,159.39493,-41.887253,-11.9981365,9.298582,-19.128716,-15.503832,-19.28904,-23.436907,-12.848591,-7.7738347,-3.1409292,-2.2492738,46.678444,28.70088,15.023472,11.102691,7.6673517,7.281416,8.01239,6.755497,7.034683,7.7744365,7.258925,8.940158,12.328615,1097.3410302468599,258.64421935403436,1.5916762778269804,26.814404117060008,22.445268863274087,28.28331098172886,26.330391310174768,26.231811859773128,24.483383051034597,49.05648320851238,4.789442514135153,5.708130200688962,4.92847774601883,4.124738089648581,3.7766359587433076,3.2085424364878015,4.167648361853534,1874.451901464617,493.2095284796615,1.9232602643408274,0.06100292515588747,0.01786745651373648,1.7727239742998993,85.9375,ΓΙΩΡΓΗΣ ΚΑ
0.46441084,0.094667785,0.045975003,0.1047525,0.087534264,0.46377078,0.15571307,0.35185176,0.19377072,0.11613305,0.23997818,0.052434053,0.19449982,0.14196979,0.07902281,0.14404081,0.09098828,0.19702284,0.16359742,0.16247374,0.1993958,0.114358924,0.18356101,0.09133026,-267.35483,113.30914,-43.926006,20.922304,3.3857384,10.967818,-11.37678,-2.5972388,-9.399337,-6.8826747,-6.3452396,-6.409834,-2.5780325,44.82958,22.969845,14.011431,12.318945,11.434289,10.919124,10.729303,9.219032,8.656511,10.560828,11.077179,14.130543,11.475936,1803.5214305662016,396.95915536218973,1.2332393424948904,20.195639069552804,25.891521914063812,31.473968160599934,31.080842862259313,31.526749473841882,26.18796375882973,53.48269501860882,3.9577347225972996,4.875234844477534,5.217845858407993,5.231478320124874,5.3249097715913765,4.120065767837404,3.825029887056361,3015.1882199649885,804.7435101863571,1.9250737316374713,0.10915608397194203,0.036402246353718144,-0.09907800654650206,122.76785714285714,ΔΕΡΜΙΤΖΟΓΙ
0.20028637,0.37931433,0.18772951,0.11219828,0.28935912,0.16551062,0.32640943,0.20727155,0.31262124,0.2789237,0.04328192,0.12393245,0.16525078,0.2270409,0.15258107,0.12654176,0.1604547,0.15277804,0.2346118,0.1323802,0.14378957,0.17576188,0.07083992,0.13563131,-328.1364,150.32796,-39.983276,-19.522264,3.0294194,-22.31693,-19.264418,-18.498829,-16.29205,-2.9614856,-2.9758081,-6.739658,-7.436805,46.6807,28.289747,16.099031,12.536142,8.480018,8.425993,8.443856,6.728458,6.4760613,5.907712,6.350202,7.1941977,7.153678,1139.120896795944,286.04143890813344,1.6844305488013427,24.286066933817178,20.880827855400554,28.028442456209252,25.099776686092593,24.450251589519493,23.627408487756025,49.02176621906684,4.5389343924835055,6.09511576950904,5.156161560601505,4.28848013914902,3.434196428503407,2.799002686433059,4.198739233977653,1918.704230713457,549.2490248601587,2.1657037418470364,0.06172605722520302,0.018678478501647472,1.2918588205449706,143.22916666666666,ΓΙΩΡΓΗΣ ΚΑ
0.1912251,0.21440142,0.11409716,0.21157716,0.27775857,0.106900305,0.30580544,0.22114323,0.40993866,0.27997783,0.1401476,0.28427973,0.13070336,0.20273355,0.11838823,0.117726944,0.16396454,0.09682635,0.18447958,0.1257825,0.17304343,0.17771628,0.1076064,0.19107576,-280.0007,140.63635,-70.51616,5.3252645,-9.299415,-17.356602,-3.786903,-13.17612,-15.779968,-2.2878954,-2.4725857,-9.249343,-7.2177835,51.58265,25.529879,15.99872,11.7146225,10.462907,7.630877,7.662056,7.599256,7.4902115,8.284382,7.9081964,8.600205,11.014329,1544.8100674654963,364.31117272716466,0.26616828502258855,27.756305690561128,23.49648882851577,27.854425908593687,26.912277112427784,24.335790535138987,25.40383477399213,52.65380610490682,4.898788133332578,5.102914363578442,5.512675623562817,4.348928203004848,3.8353572055390877,2.731431336955014,4.1648560593403925,2667.9112922713775,639.878343484186,0.19915527614347392,0.09190878076669842,0.02510923521354431,0.17938828745901483,103.125,ΓΙΩΡΓΗΣ ΚΑ
0.35365477,0.3691929,0.44841444,0.08415327,0.13225164,0.1139566,0.14369026,0.29676917,0.25104573,0.40780252,0.03594656,0.120336436,0.1701185,0.0796759,0.090177976,0.09781738,0.1275782,0.10952688,0.10512021,0.13961294,0.08913985,0.11122556,0.07982385,0.08763656,-278.0841,172.2834,-27.999573,15.485257,3.3199813,-18.78508,-0.76809007,-12.2907295,-18.918365,-13.340466,-15.452707,-18.943565,-14.788339,54.468586,32.31266,14.242433,11.50923,10.053056,9.753545,7.575473,6.183545,7.966088,7.4898286,9.860437,6.437813,6.5614376,918.45930201237,283.6428569139511,2.535308287757114,27.412145751684058,20.42235470118275,24.762384218765373,23.68974421786479,22.486411849150127,23.44495926548876,50.26442143935842,4.236327861394225,4.722301504492185,4.613017783249051,3.735752742907504,3.605446490773991,3.2581860861142657,5.7868583907435465,1772.6343942313122,649.5489453953538,1.3089811503066613,0.04049839753768632,0.01509483764849389,3.633244155118106,135.69078947368422,ΣΤΕΛΙΟΣ ΦΟ
0.35073364,0.13865559,0.24157964,0.21787688,0.117133304,0.5551814,0.06873564,0.16070677,0.06512737,0.13201971,0.24251209,0.062230226,0.18993038,0.15259643,0.1762252,0.19924603,0.13847779,0.21742226,0.088346355,0.17700548,0.094139904,0.10764299,0.22635582,0.08770268,-245.71912,139.60016,-55.26592,28.767097,-9.460231,-21.869802,-3.8506975,-23.291548,-12.716191,-6.1649065,0.92947406,1.7440687,-7.313928,43.62417,22.110832,13.481524,10.83807,9.232555,7.3565574,7.6200275,8.670202,7.6297984,9.451339,8.815842,8.92556,9.678967,1477.5108386961817,299.4718928668147,1.5961278513913681,22.392363759884166,24.72746419280798,30.054676538588375,27.632191050899323,25.806142882591377,26.714056487454933,51.6744642908704,4.245386243216455,4.457014842145564,4.724228315300143,4.051391291866175,3.724672896150697,2.9787790357288144,3.699372522840245,2834.251841979892,552.8479074228445,0.9576047718595035,0.07192609338037192,0.017653851723796632,-0.002895646412729564,117.1875,ΑΛΕΚΟΣ ΚΑΡ
0.39290857,0.41881365,0.17181224,0.21711509,0.31772536,0.22148977,0.07303105,0.0596179,0.026035072,0.15241638,0.10469246,0.35544983,0.18895912,0.20826447,0.14801595,0.19174187,0.16736236,0.15849705,0.09239685,0.09208969,0.049152307,0.15230836,0.10977571,0.16698502,-275.1054,131.48872,-78.07821,4.0034094,-5.792091,-19.70473,-13.922635,-18.52034,-20.187426,-13.155098,3.4863443,15.891587,10.987993,40.356506,17.425995,12.026198,8.423984,7.6708293,6.0001116,6.3424273,5.6098223,7.0933323,9.401174,10.000132,11.187951,10.066921,1614.16054176213,261.8056174065361,0.2878200669381141,23.654950739378528,21.075982613135736,28.75247378251275,27.162078362060942,24.67081333306459,23.887401690402054,52.36810494773992,3.957191678170205,3.9572878958043813,4.266920759671512,3.8960024711245613,3.6358698749389973,2.600782440264554,3.1682727536796165,2635.731900159895,461.26432750661667,1.4512390424973483,0.09169663466814021,0.02268695969690468,0.8771511761680773,122.76785714285714,ΓΙΩΡΓΗΣ ΚΑ
0.103719406,0.54148805,0.3964896,0.04035917,0.15321605,0.09274821,0.54564947,0.19706772,0.079310164,0.027575297,0.044769503,0.1975696,0.078232296,0.09199689,0.14192946,0.0655695,0.16271806,0.085657604,0.07961109,0.105444886,0.084016465,0.05286628,0.063255034,0.12771964,-263.93384,158.4433,-56.15852,-1.0397346,-2.1504374,-23.21976,-9.199751,-18.812757,-15.464791,-10.508567,-15.069307,-8.901711,-4.908334,40.66603,22.436964,10.753682,7.9523215,7.4592953,5.806393,4.6789284,5.6363306,5.924815,7.0774097,7.1856723,7.070334,6.9383645,1267.4539614915166,231.34320081609724,0.5006711290892757,25.43865564875991,23.3045083316092,27.022594743652466,25.76701846403045,24.93211444732926,25.154388653587826,49.42907643605925,4.139281660191103,3.7052985021655487,4.230463951025673,3.2333100093480116,2.8382982747334067,2.434364980870169,3.317299488537825,2220.0364127461708,448.55960406381985,1.6314452684576142,0.07330477612504319,0.01623214390806019,-0.18714653133703354,128.90625,ΜΑΝΩΛΗΣ ΛΑ
0.09807327,0.30986014,0.123262,0.11877499,0.29454073,0.06488943,0.2907729,0.13667998,0.28340456,0.2984287,0.093818165,0.43592158,0.10345496,0.18314941,0.18677872,0.10224594,0.18378022,0.082005344,0.20768501,0.11356604,0.17786162,0.18874,0.09568237,0.20033632,-237.41093,152.1634,-71.976135,22.705254,0.98741,-24.343252,2.7879636,-8.642966,-12.159776,-10.962214,-5.4425335,0.92651784,0.94470066,31.955711,15.085607,14.989358,9.661532,7.7813864,7.8035507,7.5857654,6.500034,6.663625,8.591706,7.923555,8.804156,8.453787,1516.402945615071,235.74501648941327,2.5166076033179503,25.13487545749225,24.914476066073963,28.815235531381308,27.29787028435299,25.729591099004903,28.17036086965951,51.08852779496324,4.49467467196774,5.623220596075807,4.969747496969296,4.101134317538922,4.25687815112526,3.6199956381117997,2.461743397939198,2695.579672759434,365.16587034307065,2.648566251300914,0.09809469808640651,0.027138432890444486,0.3308394760904029,103.125,ΑΛΕΚΟΣ ΚΑΡ
0.19110699,0.22441955,0.19365525,0.14146179,0.12338067,0.054892164,0.14906684,0.17870508,0.2656356,0.16283251,0.36120784,0.537069,0.13863151,0.2005986,0.12909277,0.13198112,0.14309593,0.0793722,0.122123644,0.1837731,0.19098754,0.13807581,0.1315817,0.15923674,-322.72458,133.63559,-57.181522,20.187567,-3.0080216,-17.977571,-6.135808,-19.298767,-14.045552,-12.198407,-17.632061,-11.682214,-2.640076,48.141354,23.369286,17.881243,15.734199,13.397418,9.498832,8.183147,7.6266847,6.518042,13.089234,9.946743,7.5166273,10.066469,1508.3825697524446,362.9021577453946,0.7495534988007138,24.037776605310068,22.764454370200784,28.129874716542925,27.307055133281455,27.010731346736357,27.318921508491943,52.180241336185404,4.630295250801384,4.9491305633186045,5.069935983209745,4.800325592452208,4.240291358221392,4.2463862293915,4.643693512426965,2752.376459123019,661.4090705647006,0.7783616787794918,0.08727760937141052,0.03739402462197492,0.9658132038074047,117.1875,ΑΝΔΡΕΑΣ ΡΟ
0.45101228,0.36873525,0.119332395,0.022736643,0.1620732,0.42239684,0.16539313,0.15925512,0.19229545,0.17434186,0.23386475,0.19081026,0.14026225,0.17277987,0.11297318,0.045383465,0.1242631,0.17310454,0.1364857,0.09158011,0.08616954,0.17573495,0.21084955,0.10223026,-246.98831,132.6799,-71.26212,26.960184,-5.337736,-1.477318,13.175229,-21.58653,-8.945385,-2.896268,-8.721002,-2.1330678,-7.457049,58.695442,26.01782,17.327291,12.079641,13.774309,7.2878895,9.588709,7.842272,7.1290426,7.263125,8.623246,8.315373,10.319273,1622.7632804865968,395.6813590971725,-0.4501790320267311,24.535688190779872,25.023573444874778,31.022654924430263,29.003873180391775,27.57859817268266,30.268458633948953,51.63461663714305,4.836357982903284,4.599114500989671,5.375276143206996,4.143616650659659,3.9948419794757823,3.3507430495094366,5.242372149071789,2967.0102951759854,734.6685895786313,-0.6799482164418501,0.09775339617462013,0.030474082469747584,-0.26371936454138795,143.22916666666666,ΘΑΝΑΣΗΣ ΣΚ
0.13974273,0.577607,0.18597913,0.08492482,0.14278255,0.068753354,0.3799976,0.08002371,0.10162219,0.35662597,0.0560899,0.18701279,0.104773596,0.17411833,0.15476698,0.12109323,0.17866698,0.08512126,0.1860933,0.1352996,0.099441156,0.17573923,0.07152673,0.1886602,-268.95203,146.72682,-37.76023,28.41464,-10.660513,-6.6916995,0.8739637,-21.994583,-22.311924,-10.622178,-10.476745,-23.014809,-15.352368,46.070717,22.919292,15.705327,11.106891,10.703779,9.514998,7.054774,6.833715,7.160747,7.978275,7.774301,7.174954,8.23544,1178.8545307487104,305.07667199668174,0.7091714182401762,24.832337655388177,22.31741885936579,28.665575443940522,26.003976698800596,23.40903094788552,24.4203614071585,51.608072058082264,5.66495895504971,4.680112331542996,5.341461347505691,4.631923302511502,4.203789423307022,3.5821664327126816,4.79374015373709,2301.821703017395,708.3865644836935,0.50492091527974,0.04810938566774519,0.01889216760601484,0.5602743544971828,103.125,ΣΤΕΛΙΟΣ ΦΟ
0.33570307,0.25763947,0.13699666,0.063437775,0.04633411,0.49225724,0.29912433,0.19547616,0.19600816,0.08114834,0.344479,0.15203355,0.16305937,0.20176846,0.13160995,0.08021961,0.06115397,0.16854414,0.19603516,0.13212124,0.13113736,0.077243134,0.16166978,0.1039698,-237.84053,138.73558,-69.2485,22.00621,-13.179258,-0.9895443,16.969967,-16.540585,-11.7649145,-5.4432917,-4.841364,-4.198877,-7.840522,46.184788,23.284178,15.172257,9.51744,11.596654,7.176657,8.435622,7.073078,8.506387,7.2671485,7.798185,9.33553,9.601652,1550.8006624519496,338.3926622244578,1.1665334420749298,26.747449387295532,26.105112663816172,30.287452636542312,27.49042965808577,26.467116382522768,29.613966114534847,52.891396707159224,4.7847311311682885,4.963097392673783,5.607727977356261,3.6842463051868504,3.555526834815188,3.158283513376636,4.22563866699099,2921.3623742432337,618.70293773735,0.04154340033955378,0.09027795166711182,0.026157885836162603,0.68263967229855,143.22916666666666,ΘΑΝΑΣΗΣ ΣΚ
