chroma_mean_0,chroma_mean_1,chroma_mean_2,chroma_mean_3,chroma_mean_4,chroma_mean_5,chroma_mean_6,chroma_mean_7,chroma_mean_8,chroma_mean_9,chroma_mean_10,chroma_mean_11,chroma_std_0,chroma_std_1,chroma_std_2,chroma_std_3,chroma_std_4,chroma_std_5,chroma_std_6,chroma_std_7,chroma_std_8,chroma_std_9,chroma_std_10,chroma_std_11,mfccs_mean_0,mfccs_mean_1,mfccs_mean_2,mfccs_mean_3,mfccs_mean_4,mfccs_mean_5,mfccs_mean_6,mfccs_mean_7,mfccs_mean_8,mfccs_mean_9,mfccs_mean_10,mfccs_mean_11,mfccs_mean_12,mfccs_std_0,mfccs_std_1,mfccs_std_2,mfccs_std_3,mfccs_std_4,mfccs_std_5,mfccs_std_6,mfccs_std_7,mfccs_std_8,mfccs_std_9,mfccs_std_10,mfccs_std_11,mfccs_std_12,cent_mean,cent_std,cent_skew,contrast_mean_0,contrast_mean_1,contrast_mean_2,contrast_mean_3,contrast_mean_4,contrast_mean_5,contrast_mean_6,contrast_std_0,contrast_std_1,contrast_std_2,contrast_std_3,contrast_std_4,contrast_std_5,contrast_std_6,rolloff_mean,rolloff_std,rolloff_skew,zrate_mean,zrate_std,zrate_skew,tempo_0,singer
0.20006818,0.37352315,0.2039105,0.15667623,0.17261308,0.1570144,0.27809584,0.104953684,0.14314349,0.13106649,0.19168578,0.29656848,0.1723365,0.27624282,0.18624617,0.1476724,0.17996839,0.15155393,0.25494626,0.15465172,0.18290795,0.15595132,0.17397809,0.23310702,-341.39868,116.20017,-40.661762,-15.460032,-6.9786267,-25.88949,-10.01076,-12.300789,-21.781286,-11.320967,-7.1018715,-8.65724,-1.6689506,47.434284,24.287384,19.464296,13.287527,12.829786,12.820335,9.558004,8.094171,8.780065,12.885183,8.722621,10.275906,10.485909,1278.9417047266336,305.1269800863618,2.3178618217578273,21.57044541109186,23.431172596622243,31.312005471713498,28.1094431827992,26.07324025917956,25.124016966689034,49.53963735458549,4.358371090416334,4.938632994019745,5.275527392903737,4.649000205363904,3.91073842455511,4.382677186171495,3.686164818008215,2262.219778258702,626.6711254823739,1.1724158486713327,0.07265676932257675,0.022204166931041044,2.8036013472551486,117.1875,ΑΝΔΡΕΑΣ ΡΟ
0.31534964,0.14068143,0.061211225,0.10036662,0.04738845,0.50669986,0.25733247,0.21801049,0.2389716,0.242714,0.31602514,0.14507578,0.15162088,0.15679389,0.08772304,0.11943971,0.0686165,0.1330745,0.12449769,0.19509862,0.20537502,0.108378395,0.19242114,0.14019205,-220.34389,111.56866,-36.666256,21.85701,0.09226924,6.6003766,-5.2199397,-7.236137,-8.459071,-10.182925,-13.243144,-8.666993,-1.1983231,64.20968,27.404446,13.127659,10.905304,7.2166963,7.5871935,9.021245,7.7408023,6.8313556,8.133637,9.514053,10.561486,10.205277,1739.4494623031858,465.7154750729996,-0.5955739375447979,21.832057167099943,25.574005851488344,30.72863380016582,29.68569051589027,30.265349372142108,25.65465931958348,52.59142898702489,3.7198000310698065,4.9950580870951224,5.1096952987972,4.485108770037644,4.714970380231935,3.620385322833985,6.008584591225945,3150.713453724443,908.9969678272129,-0.5223390429576756,0.09209676471327245,0.03445087323945582,-0.14860857863648672,103.125,ΔΕΡΜΙΤΖΟΓΙ
0.558635,0.15045811,0.14187562,0.17039277,0.22329435,0.15725197,0.03844323,0.13526958,0.10987038,0.31432894,0.24562359,0.2136152,0.18113288,0.11385016,0.172212,0.20379443,0.19767074,0.16680804,0.07017842,0.13334979,0.13684699,0.18847132,0.17787038,0.11168568,-327.89417,127.11496,-50.8498,10.172407,-2.094495,-16.603952,-5.494294,-13.592826,-11.83648,-10.429569,-11.7414465,-11.635289,-4.9396276,54.06453,24.362343,23.051506,16.340328,12.494323,10.089151,9.114925,7.94695,7.1392426,8.993294,10.734624,9.807635,9.829476,1412.3863738688724,372.68921210370354,0.2091940635461905,25.88088971487329,24.440509687772877,29.364605264505578,28.115286543798213,26.69922013092689,25.796474019097893,51.084847459632,4.488819381807513,4.864134116735607,5.563526512529782,4.798862579265299,4.618884866128015,4.043910342899967,4.502540859530538,2539.2486324213687,688.3254505430339,0.09235048154654395,0.08088765148280128,0.03364825898227425,0.9924467142832001,78.125,ΑΝΔΡΕΑΣ ΡΟ
0.36913815,0.15664165,0.18955648,0.11028749,0.24904862,0.2706729,0.09896559,0.3687469,0.2039402,0.22439443,0.16144218,0.1841199,0.19916031,0.12674461,0.1707192,0.121333346,0.15903299,0.23085698,0.08633571,0.23900555,0.15691324,0.17814206,0.20304964,0.1333959,-237.81346,109.3915,-40.139557,27.18641,0.37027743,10.5421505,-5.9558425,-0.6763498,-6.0745316,-11.904043,-8.441753,3.6892595,-1.1034282,59.49444,28.46996,15.493886,12.736898,11.484194,9.754059,10.956077,7.7905946,14.011158,11.250484,10.938446,12.680974,10.786827,1795.4682886245728,502.83327696002175,0.16751944622451506,22.064837170177178,24.932836591677216,28.741069312126832,28.070963119596936,27.15523887692447,23.69489026119163,51.835701792850124,4.352678768632821,5.535271284925552,5.407083329932228,4.7661147727038795,4.468661197300317,3.8358456970098413,5.405283834958373,3249.4590330477863,954.9662258894169,0.16781877171710088,0.08764318342805541,0.035899117697881636,0.14734270487761192,88.90086206896552,ΔΕΡΜΙΤΖΟΓΙ
0.18529388,0.20906492,0.0858945,0.22732984,0.04077645,0.13071948,0.18424352,0.3129404,0.61766446,0.28395012,0.12745579,0.11336086,0.1289243,0.16534983,0.07883283,0.13582817,0.08470475,0.1394302,0.15518194,0.16228062,0.13424225,0.12600215,0.1591645,0.12709069,-231.37761,126.01874,-41.10629,29.425938,-1.2589519,1.4025484,-4.087983,-8.630594,-6.6227646,-13.847375,-15.253296,-4.134334,-2.6160069,51.010414,29.902143,13.643665,10.149937,9.584273,7.7253833,8.154673,7.3017707,7.2144747,8.96652,10.532073,11.002317,10.440868,1654.7461889442434,394.68290048909427,0.6132165883875212,20.72594112304217,23.31505131929043,30.279093777635417,27.96081158406573,28.83833959475436,26.419148182393638,52.295938439997194,4.208371541984295,5.305352137836635,5.613246155246025,4.250803275851726,4.05674281736354,3.645309923682856,4.1105227373216,3032.935004797242,761.1327512358648,0.6494361232993132,0.089781097963507,0.03564383987957405,0.8963689234002843,112.09239130434783,ΔΕΡΜΙΤΖΟΓΙ
0.3123649,0.10175096,0.21919751,0.092122115,0.3133588,0.16500472,0.059253566,0.4817445,0.2807728,0.20390664,0.09734023,0.28132176,0.18625061,0.08887427,0.18979137,0.09902514,0.18832158,0.15204251,0.0804781,0.16390069,0.10931546,0.20459381,0.1276047,0.12278121,-230.48749,129.75569,-32.938816,22.48634,-5.1034613,3.2863104,-2.826015,-6.5673122,-9.422126,-7.7781963,-9.146242,-3.0025985,-8.665272,51.391205,25.990976,12.209347,8.754948,8.030353,6.5136337,8.885357,7.8716044,9.650968,8.915732,11.622407,12.030336,9.784885,1582.669620899137,452.3423190822517,0.6695709588238618,27.61118910920615,21.48252614119246,28.270014404858617,29.74933738123562,28.350891322339226,25.073624768678137,51.9646211719914,5.433445128906629,4.601274118995406,5.284670368872072,4.663038792515332,4.545483236546734,3.9382121381933937,4.547130821929091,2940.007265836671,867.704500890183,0.5112765954757456,0.07920394683561079,0.03832992150883083,0.36571006601898476,112.09239130434783,ΔΕΡΜΙΤΖΟΓΙ
0.23246577,0.08028083,0.22815412,0.08074678,0.05587281,0.29939094,0.14375345,0.43808225,0.27431333,0.33483082,0.26817623,0.18102355,0.17386593,0.096278705,0.15268248,0.085663594,0.07829802,0.1796021,0.11882745,0.23714794,0.14491875,0.13728088,0.19833082,0.15316291,-206.64778,91.21731,3.236978,-1.1944778,9.503449,-10.0200405,-18.097095,5.323091,-28.671043,-3.5334656,-24.358038,-5.1717772,-17.309557,77.54074,21.817272,12.782974,8.862969,7.0172877,6.9942174,7.1294527,7.9714413,9.592244,7.2479672,10.829424,7.322592,8.445104,2649.5368667260786,819.7258780354988,-0.5377000916631232,19.98298223594039,21.190242230441765,29.37164030511889,27.4497472311499,26.261500639798523,20.65716005456853,52.21343997562262,4.746633038704655,3.942086514179053,5.181002095792207,4.272035346755679,3.672107717898883,3.0704125323597524,6.486066626641395,6301.6687056874225,1976.5274483426526,-1.4001506529206462,0.09126945900123305,0.03395038850830347,0.8074365371589548,122.76785714285714,ΔΕΡΜΙΤΖΟΓΙ
0.18370454,0.19547866,0.12593873,0.17423362,0.053637844,0.13028559,0.11334799,0.38591197,0.5571703,0.26004282,0.21183085,0.19403286,0.12780218,0.15158811,0.10866935,0.14177556,0.08205475,0.15070736,0.13894357,0.15912378,0.14797781,0.18484831,0.14564408,0.13054502,-226.69235,111.78274,-28.148445,24.768642,1.1977975,2.5819604,-5.0291314,-8.300475,-9.109745,-13.092742,-15.774523,-5.9597945,-5.2441273,65.14424,26.61668,12.278103,9.614704,6.932962,7.3376102,7.527554,8.272245,7.569952,8.823818,10.439105,10.469638,9.969426,1699.743401105226,506.7494564692398,1.2500041963930586,25.210454297019844,23.615895433481583,30.447640539186548,27.24849479313127,27.59179692655437,25.135987422449265,50.25119736457301,4.961425563644866,5.193045085554027,5.344469971522814,4.244284726879611,4.006908545057109,3.5486805397697103,5.3289302005922154,3179.228841726676,995.247343871043,1.1877866472373544,0.07309861563615218,0.03153324370779042,0.6599749528564995,112.09239130434783,ΔΕΡΜΙΤΖΟΓΙ
0.3827508,0.119411975,0.14232992,0.074318595,0.24995273,0.06489112,0.17631571,0.28401554,0.17037764,0.28484052,0.16767631,0.42541853,0.22508676,0.12499386,0.16103217,0.09023013,0.16032521,0.103816725,0.11243415,0.16694865,0.15493464,0.25953326,0.13858005,0.16685592,-306.4578,132.92804,-65.19489,23.228792,-10.475397,-16.681581,-3.5128055,-20.257177,-16.457794,-10.118806,-14.373825,-16.359735,-4.3228197,52.51559,24.70852,15.747012,14.841739,13.065271,9.209348,7.303259,7.4486284,7.3353047,10.280608,9.032211,7.973039,9.294944,1558.3360855988735,367.3887268267604,0.45435958616647093,25.146632886999132,22.02618258519134,27.92635420405171,27.588895146249865,26.950582780520435,27.051443557557317,52.71525215146541,4.738788946869171,4.792299852963134,5.321578261550044,4.634946744554315,3.9237209889738285,3.730033118938253,5.068194065632651,2878.1285644413224,646.7298135046128,-0.1682839251578773,0.093215038732022,0.03574266864565601,0.55434884485919,112.09239130434783,ΑΝΔΡΕΑΣ ΡΟ
0.09004565,0.5716251,0.20273119,0.07841178,0.07057912,0.1298481,0.44653726,0.1061355,0.3271056,0.05988188,0.21875682,0.12212936,0.089460604,0.14146687,0.17592268,0.13640098,0.12455533,0.085264064,0.16710682,0.09407019,0.16212249,0.07840479,0.14196065,0.14939928,-248.54707,162.81451,-18.1869,25.957714,3.9220912,1.5502709,-4.943849,-5.3774953,-11.259961,-15.878704,-7.1731963,-2.5184414,-8.85035,64.830505,33.958633,14.758134,11.714742,8.639373,7.33,9.244255,7.174719,7.68912,8.317348,10.425348,6.623708,8.772883,1158.0749011237165,414.2392259764241,2.6738600963901984,20.766373078506252,21.65385478091353,27.969605135759295,25.722916833175965,25.35292323302577,22.816981505113798,50.25255883225571,4.031083309759622,4.899069079663022,4.775117333985922,4.304349354513753,3.869037176897196,3.259016379892313,6.069665959522341,2126.9223803305667,849.2234683462852,2.0992975105334692,0.04816767360117344,0.01656476084969109,3.8808078063675513,103.125,ΔΕΡΜΙΤΖΟΓΙ
0.23665126,0.13698667,0.3447324,0.10897211,0.18853658,0.11397771,0.21796241,0.402771,0.0792288,0.20713475,0.099965975,0.34537482,0.21656023,0.12232927,0.22153789,0.107103124,0.1942613,0.15731353,0.14765951,0.21940652,0.087471254,0.18617141,0.11767849,0.21630476,-292.74643,124.86324,-70.14463,7.849233,-14.436026,-19.509167,-9.121509,-19.91177,-15.7393,-10.205994,-10.942083,-11.9223585,-4.471721,48.59836,23.939838,16.200584,15.042147,11.130494,8.349921,8.538421,7.258264,7.448362,10.9134035,11.064585,8.561741,9.237933,1597.3092765131983,342.33741150821123,-0.4074466322433611,22.754781221029226,22.899133243461563,28.386855025798567,27.789377669704805,25.804989840795162,25.818453281126313,53.30087690432738,4.049584519367394,4.641165728153345,4.977147564167048,4.475537075175694,3.9404019533232426,3.3228138747406044,4.552272306390409,2769.2313042011256,606.9930193968179,-0.20768954292890723,0.09732080201513324,0.02989553143193341,0.15410135383250162,95.48611111111111,ΑΝΔΡΕΑΣ ΡΟ
0.28689262,0.03248524,0.2998491,0.1370714,0.17099589,0.1973194,0.09627552,0.36643443,0.21472374,0.50667006,0.10861548,0.0838079,0.18346056,0.06381016,0.24872248,0.14589296,0.12034698,0.17694674,0.09918019,0.19094615,0.08820447,0.18447244,0.11116042,0.086284675,-204.93094,128.25633,-34.396923,16.167038,0.5059276,-4.941556,-11.547626,-11.586062,-11.509361,-11.014703,-9.092381,-3.8315117,-6.5435824,56.641872,26.824076,11.360931,8.092092,5.0971303,5.6101174,7.7098846,6.5362864,7.0825596,8.927003,8.780795,11.7036495,11.210812,1634.3701573720086,390.40605349424175,-0.015026253958008093,22.129766931117537,21.201993078665094,27.434059268498398,27.185407544030806,28.616116605771285,24.798587153327485,50.85456229013674,4.353283728895249,4.420059497906906,5.2152590065367495,3.677912374972702,3.7527449083718203,3.090632172462743,5.218202326774854,2882.316384071834,728.0990058005768,0.2331147855306664,0.098678193366607,0.03255936973007293,-0.1337291249415532,69.67905405405405,ΔΕΡΜΙΤΖΟΓΙ
0.26289082,0.10413506,0.42141166,0.17040142,0.053160213,0.17149346,0.04339697,0.21084327,0.17641352,0.29072803,0.38443425,0.1317583,0.21504115,0.11262636,0.2041506,0.20272523,0.099719405,0.16233566,0.06108428,0.19883192,0.17246462,0.17853858,0.2369963,0.12247152,-315.59552,128.57681,-44.308655,-9.50746,1.0508013,-23.858717,-10.123581,-18.65202,-29.963245,-17.556553,-12.320661,-12.180402,-3.4139805,43.150887,24.53249,15.699152,8.861087,6.4089913,7.763978,5.927385,6.6892414,7.9051695,6.546366,9.012087,13.271546,9.124211,1250.5156970427402,311.98648610017864,1.208885580801547,23.36116531177674,19.728015515070126,28.919851353475764,25.87610918272212,23.923742680269555,24.84856960481876,49.20157577967623,4.107631808770495,4.903203775817227,5.414474778264953,4.0791430846077645,3.1118148587259173,2.7889470069976947,3.8867188288836463,2248.1961119679645,597.1306686198691,0.9929680188899006,0.07007576595044714,0.027084284957313326,0.7456755320556423,135.69078947368422,ΑΝΔΡΕΑΣ ΡΟ
0.29131553,0.19159612,0.071342565,0.031849243,0.024141612,0.37272575,0.19888073,0.14070491,0.18718536,0.25451922,0.4598625,0.30345255,0.15985882,0.17269468,0.10658955,0.07126269,0.0547624,0.18663251,0.15643616,0.1650811,0.1593686,0.13290247,0.17766051,0.18463652,-231.51843,120.3193,-33.22434,22.393738,-2.4717782,6.755412,-0.30254188,-2.041491,-7.06188,-11.087854,-13.620375,-6.909148,2.3986783,46.24902,23.427385,14.656571,10.581738,8.415376,7.3743296,8.488247,7.3299994,7.1354165,7.172787,9.010275,8.828598,12.10612,1666.657243060452,444.59754262741313,1.7878478605421928,22.672008625960192,26.807474411316164,31.083174277574173,29.14729754267987,28.75207284972184,25.109627489292333,52.25315267684972,4.044296391756658,5.237000177543938,5.122483283797911,4.783258468214589,4.942006872257846,3.6699581005465776,3.573498175268152,3072.4345456363194,888.448531461807,1.0429173493259765,0.07891357871977009,0.036020414615585264,1.3145315838698728,128.90625,ΔΕΡΜΙΤΖΟΓΙ
0.297082,0.050335903,0.36090526,0.059832413,0.023138748,0.09500638,0.15677367,0.5532192,0.22832686,0.10100326,0.07642016,0.37071455,0.23931527,0.074516304,0.18627414,0.08750974,0.0489685,0.13404925,0.086396895,0.16083103,0.1874532,0.10508863,0.07488932,0.13751897,-275.50098,167.0174,-11.837339,7.997512,2.4566216,-6.137518,-6.169022,-13.029417,-11.385013,-14.195574,-13.378498,-8.025729,-6.41754,41.50558,28.40022,15.700347,12.905394,8.8610115,7.533486,10.043137,6.8680224,9.380933,10.209138,9.055113,8.132926,7.628184,1150.8546165981713,477.8320531213885,3.930078013764438,21.777319586348263,22.82729341283858,27.193044156961598,26.942429726813398,25.56293884640257,22.987589151285178,48.80391359293891,4.646887995237161,4.919623698046446,4.896533332398061,4.022879712963871,4.092752621395277,3.838023275566291,3.1846344456360303,1974.7550766800246,1030.2190017789903,3.640994838064381,0.04951344834169376,0.017119605788625748,4.442911751231191,103.125,ΔΕΡΜΙΤΖΟΓΙ
0.36106628,0.11197702,0.21379687,0.3678194,0.022598756,0.019009987,0.028873997,0.34603637,0.45163164,0.15613398,0.25885737,0.30964464,0.1387449,0.11419259,0.13014024,0.14556985,0.062184155,0.07390963,0.05577009,0.09773342,0.13494998,0.11043887,0.13868845,0.14614272,-226.38062,141.09564,-24.760098,32.595875,-1.7134347,4.6474905,-0.8910679,-2.7290576,-7.3450418,-15.715673,-11.717423,-1.1506035,-10.254217,57.13408,26.117086,12.992429,10.406023,9.011531,7.197895,11.843505,7.1221066,7.810215,9.123061,10.366771,8.034004,9.444805,1435.590795809347,468.22860197291664,1.8687516054553244,26.172403281971935,26.261349362749318,30.564210882664053,28.239170638721607,25.872028643762256,23.246956816734073,50.5662159269872,4.490106213469529,4.424877062828715,5.683859274340252,4.246540180951498,4.710553606606162,3.5090810778679984,4.296625120974165,2745.4346702832236,989.1582373314732,1.755688633322372,0.059937295938546964,0.023193932034247213,0.8363050742196867,117.1875,ΔΕΡΜΙΤΖΟΓΙ
0.41621682,0.3387116,0.41612554,0.09174376,0.09680287,0.10587121,0.17824638,0.27864918,0.17231697,0.30749398,0.04157152,0.20722325,0.17620085,0.12652566,0.15151253,0.11598366,0.12201972,0.1191225,0.1186471,0.14155656,0.1175714,0.17783698,0.07069688,0.18558942,-280.8889,171.80623,-51.252254,2.4764266,4.4114437,-11.574818,-3.8185017,-9.476607,-14.238248,-16.688282,-14.566984,-17.965914,-15.480551,43.142757,23.508097,13.503679,12.7383,8.9731,9.173846,5.9654403,5.276319,6.166762,7.09824,8.974693,5.673552,5.659299,1149.3841972354032,259.96002067853954,4.0060733533627095,27.29055264265534,20.977825914388198,24.115552075350347,20.902440135534718,20.51621758551235,20.949183445818377,50.99162878189528,4.298614667023745,4.495521342612822,4.540277362194526,3.3942516142922026,3.1218699343087963,2.9287735508907202,3.895147404526307,2087.5582134720967,492.5638749371504,2.673367490930676,0.052146160254414764,0.01666367873305498,1.6090429404734148,92.07589285714286,ΑΝΔΡΕΑΣ ΡΟ
0.21445161,0.01364187,0.2401318,0.09985545,0.023864524,0.11645387,0.21078995,0.58412784,0.3448975,0.20891394,0.0924547,0.32754964,0.16605997,0.04435487,0.16225372,0.11868716,0.047586907,0.1280083,0.09310281,0.15357593,0.2128022,0.121442065,0.08110435,0.14281504,-223.46274,134.7383,-35.78519,18.70178,4.3044844,-4.6204667,-11.646996,-16.106457,-10.257546,-9.128603,-5.480865,-2.809248,-5.214206,65.698715,29.567232,13.722011,9.317263,7.411779,6.143072,9.677545,7.0948114,7.4973764,7.1280575,8.467724,9.012001,10.400482,1509.2249285824134,443.252170773856,1.685181199303362,21.46607428038966,23.68496989054689,28.536982774247168,28.302463986752485,28.90574197306041,25.28631569838426,49.64532730083843,3.9365762548241023,5.0266504168505675,4.946676019184543,4.1805033904992515,4.321795583264997,3.910225510195277,5.1726946032056516,2647.9625057059134,924.2648744838573,2.6055696889122633,0.0820138216552303,0.02950881290950647,0.18230168503839297,117.1875,ΔΕΡΜΙΤΖΟΓΙ
0.21693963,0.07503648,0.19616061,0.06914618,0.20769075,0.22595163,0.21561922,0.4016455,0.29809633,0.32957163,0.22350514,0.17128806,0.19419475,0.087691374,0.17857741,0.09765146,0.1644705,0.18733138,0.15443526,0.21128601,0.18646556,0.15783148,0.16213992,0.14778693,-242.6251,117.12504,-27.047293,20.870996,12.831721,-13.263967,-9.883915,-7.445744,-9.040991,-16.070116,-13.213511,-10.279515,-15.935615,50.980026,22.81876,15.375342,11.041163,11.109192,10.54381,9.595475,7.412494,6.9716167,8.115817,8.168881,8.521598,8.72691,1829.6290361006177,487.55610581014577,0.8264348610358371,23.44815048632231,22.72527180477013,29.84672413099924,27.15050686422078,28.031665401314637,23.35425413590256,52.16030955020156,4.954611324924713,4.6451177084237285,5.029200633180601,4.739851564017119,4.744706380915588,3.4348709793403125,3.9810818204029768,3365.208507258886,1254.3435166696806,1.6488882768396007,0.08157414269441929,0.029246213145137787,0.7799984928653035,122.76785714285714,ΔΕΡΜΙΤΖΟΓΙ
0.30409732,0.1995151,0.13143107,0.065265544,0.15683746,0.15492281,0.12072191,0.17761537,0.29837954,0.4038654,0.2092779,0.23479007,0.22606595,0.19881845,0.16221511,0.111257516,0.18539974,0.19011222,0.13903351,0.17639293,0.23195511,0.20542589,0.15440574,0.17398958,-326.5982,143.86913,-46.567814,-7.1133504,1.3221709,-20.342443,-8.119617,-18.01536,-26.370815,-20.201975,-16.144974,-14.135708,-7.8376346,25.448195,13.000143,9.188722,6.9947586,6.3370085,5.4690924,4.3703327,5.74358,6.5698953,5.0222635,7.109702,9.780708,9.414363,1182.1389299936945,161.96571968275597,4.079186396065747,21.27431245237666,18.459694949389313,28.976739645511422,24.559478297612266,21.96728588602508,21.99935046727271,48.886735642069034,4.415430443569949,4.596820802210859,5.424408276556637,3.5380318148976166,3.037722858972407,2.504777677572599,2.1341316296720345,2110.4406917224346,347.4052723837943,2.2071380481728955,0.05833800141411727,0.01715709168930047,1.1480841734598117,95.48611111111111,ΑΝΔΡΕΑΣ ΡΟ
0.25817108,0.23589823,0.35976055,0.39015526,0.14549913,0.12794557,0.12706001,0.39701742,0.28411242,0.06726688,0.0460275,0.19058448,0.19087547,0.19766496,0.12627411,0.15163861,0.1588965,0.16192573,0.13736117,0.13910863,0.15733638,0.10612842,0.07123575,0.1258329,-324.3767,125.58816,-49.995827,-2.9665554,4.101774,-2.3198788,0.5298209,-19.17771,-15.365319,-5.7694306,-12.253519,-11.68422,-7.9239407,45.581223,22.440838,19.201979,13.886345,16.439062,12.387158,8.785431,8.873362,7.4855847,7.5074697,10.675981,7.152748,8.543457,1420.2734536812325,294.1331301394518,2.520417595600053,22.613301219921627,23.691651628473487,28.705194669917006,29.429205101474416,27.287908423850936,26.36017512541207,52.62478492462621,3.975803203227293,5.528575984618207,5.076518596569501,4.33782908862709,4.217271707571579,3.509765200377458,3.457206929197476,2342.3360819765103,572.5010951988363,2.528654881888671,0.09007538353577992,0.027897630569585583,1.0246646818137761,128.90625,ΑΝΔΡΕΑΣ ΡΟ
0.24443953,0.15635945,0.12754826,0.3571443,0.38685867,0.15739371,0.3116956,0.06639266,0.09566221,0.08898926,0.15288155,0.3754639,0.24023989,0.16652928,0.12275529,0.16911703,0.19705336,0.11763022,0.1561238,0.10731124,0.18139935,0.1244505,0.1305175,0.17739029,-342.99875,136.67332,-39.969887,-20.010826,1.3359897,-20.690672,-14.215576,-13.895227,-21.549398,-16.770266,-11.028734,-3.9539294,1.2395331,41.925854,24.252943,14.828143,10.488634,8.202234,9.169863,7.813309,6.0115275,7.514321,9.891792,8.232339,8.5153055,8.738869,1211.3895286182371,266.4091003340732,2.9424133333970444,22.18940571595789,21.40553016658192,28.221746816385632,27.209256726708126,24.66546930462353,22.423122183438455,48.69202626748347,4.062330671465391,3.9970342836138113,4.878885081756276,4.499528708091851,3.6013865866708468,3.1198040063569583,3.782145369193885,2045.0789026607963,510.0147272880903,2.3530027523848904,0.0764607943920073,0.021628899505443333,0.5299433623258879,95.48611111111111,ΑΝΔΡΕΑΣ ΡΟ
0.103884995,0.16748744,0.1332343,0.40049452,0.13057159,0.1591292,0.1190479,0.18486123,0.28666532,0.34681326,0.4680856,0.16119571,0.105375744,0.15474091,0.115067646,0.1947565,0.13690329,0.126462,0.1088626,0.12709394,0.19557056,0.14588426,0.15188216,0.11484816,-238.38956,131.31691,-40.634003,25.954731,3.3709784,4.5893736,-1.9209155,-12.650284,-13.979489,-12.693508,-18.626934,-11.8001,-12.040829,36.639442,20.81949,14.239883,9.830596,8.726061,8.5358715,7.6660504,7.5062094,7.483516,9.790643,11.729451,11.025187,10.67118,1562.7167885341528,350.9869489097787,3.00149685321344,18.062333434107238,23.821834882003568,29.44768660000431,29.717902812124084,30.004929716626055,26.825223005547763,52.38222476203808,4.904831222193196,4.685042329730168,5.577532892644677,4.459440930784511,4.520993931071143,3.3314615263321485,3.345140671063672,2806.0738239073626,699.0493428307562,2.6818280051777426,0.0809379733624799,0.028895607757875204,1.373505880733041,184.15178571428572,ΔΕΡΜΙΤΖΟΓΙ
0.2289365,0.14435847,0.30794713,0.20723891,0.053069126,0.25206217,0.050900582,0.13209943,0.14100595,0.3381562,0.49838853,0.0631743,0.1494125,0.15621458,0.21850368,0.21469174,0.07018465,0.18129814,0.08235596,0.1512876,0.15370116,0.18747546,0.20899293,0.07405497,-335.03384,133.08446,-34.15435,-16.018637,4.7651887,-18.00393,-11.223969,-14.301734,-24.565233,-14.279502,-11.57787,-13.351814,-2.898731,34.358833,21.440248,11.555607,7.380944,5.334371,7.750258,4.984111,5.616632,6.7248487,6.653936,8.622589,11.325372,8.899735,1118.3160070461456,242.75258668163775,0.798025040069562,25.769478751585822,19.33001551778123,29.028485910325916,25.690690399381985,23.50595977778984,24.072118291499596,47.07131360109367,4.352715280972017,4.89675268267733,5.371157501065596,3.598973276905089,2.7988826405032112,2.417474324723728,3.2864452600816043,1959.8419325605482,495.99766466999944,1.5499740198531833,0.06228321432839388,0.01908218782350486,-0.10171291507059521,151.65441176470588,ΑΝΔΡΕΑΣ ΡΟ
0.08619317,0.4971243,0.04284578,0.07631476,0.021806983,0.20159392,0.49324432,0.16599564,0.2997339,0.079231404,0.33887193,0.15867047,0.08181139,0.13902484,0.08396371,0.12347408,0.06340372,0.12493707,0.1757441,0.10180844,0.1425692,0.09961478,0.14749415,0.11635616,-242.62234,146.16336,-5.2524767,26.257692,1.2387816,4.424678,2.0305352,-5.566899,-11.291746,-13.156976,-9.232413,-5.6957808,-12.839627,72.43333,36.486362,13.977753,11.160141,9.549718,7.445645,8.378267,7.339831,8.727564,7.3608418,8.404292,6.8490515,8.281029,1170.3745201883055,388.32852578350924,0.8212100162458337,24.85712383712787,22.65060325918088,27.83863121586989,26.80232040173729,25.8115724484188,24.216970713907877,51.12981861956959,5.138984819901741,4.618884900557394,4.388987417175626,4.150137621025499,4.001536367748675,3.6904304012661986,7.419340734257435,2193.0077512415055,854.1596964709025,0.661218937424359,0.04870964086186618,0.017743343326931497,0.7949418191492326,103.125,ΔΕΡΜΙΤΖΟΓΙ
0.589628,0.17852072,0.07423813,0.08408662,0.17493598,0.233733,0.097311325,0.23713912,0.23606119,0.045681935,0.083706334,0.38115337,0.13438782,0.18494536,0.114369504,0.12685223,0.17926459,0.2097835,0.105380006,0.15912054,0.14642681,0.074354656,0.102408364,0.12405612,-301.97394,126.2129,-49.74178,9.029979,-0.08947091,-18.928337,-5.417012,-12.861313,-15.41635,-10.098651,-13.222196,-16.01299,-6.0921082,53.40917,27.329971,23.197952,18.149523,13.820376,10.470629,8.192813,8.025128,7.2897096,8.479157,12.313451,9.207812,11.189977,1453.248568307449,399.60510842854404,0.522583572246473,25.489830618514876,23.676423108604414,27.592229182378563,28.043282703251954,25.984774630763727,25.40565592818277,51.46079654494099,4.878886128502229,4.726298190936308,5.127450356301777,4.762401524754074,4.5399846795747205,3.7160647360240975,4.755674355901877,2574.266647104009,687.7318716802182,0.470064044579553,0.08361521956840111,0.03088874578219133,0.393211377683903,135.69078947368422,ΑΝΔΡΕΑΣ ΡΟ
0.56978786,0.12785849,0.09319531,0.055268154,0.24067706,0.2413962,0.050877556,0.20258783,0.09495936,0.40370739,0.2230701,0.26407656,0.1398662,0.096927196,0.12335269,0.09833769,0.14170067,0.1639091,0.06686293,0.12342143,0.09307133,0.1430351,0.1836595,0.11219621,-283.76614,118.18372,-70.40553,15.358163,-13.713425,-18.250027,-6.248473,-20.296501,-14.52791,-8.338105,-18.536116,-19.230715,-7.1522436,46.273636,20.297596,16.310968,15.693987,12.724425,9.454768,8.927441,7.775894,8.419917,10.380608,9.612385,8.635298,9.867973,1751.319816276104,356.05880050731173,0.27553586972065375,23.781016598764403,23.663165908732154,26.93382348539967,26.230865352671643,25.613472047961935,26.213895856660482,54.15349234973009,4.305030725417081,4.904312038038552,5.071789827278857,4.382317006842905,4.023696418729384,3.338584982417688,3.832304807137086,3105.240053304276,607.2360735591446,-0.14870715209901192,0.1033385231071092,0.030776768337991107,0.34401638685939673,112.09239130434783,ΑΝΔΡΕΑΣ ΡΟ
0.46441084,0.094667785,0.045975003,0.1047525,0.087534264,0.46377078,0.15571307,0.35185176,0.19377072,0.11613305,0.23997818,0.052434053,0.19449982,0.14196979,0.07902281,0.14404081,0.09098828,0.19702284,0.16359742,0.16247374,0.1993958,0.114358924,0.18356101,0.09133026,-267.35483,113.30914,-43.926006,20.922304,3.3857384,10.967818,-11.37678,-2.5972388,-9.399337,-6.8826747,-6.3452396,-6.409834,-2.5780325,44.82958,22.969845,14.011431,12.318945,11.434289,10.919124,10.729303,9.219032,8.656511,10.560828,11.077179,14.130543,11.475936,1803.5214305662016,396.95915536218973,1.2332393424948904,20.195639069552804,25.891521914063812,31.473968160599934,31.080842862259313,31.526749473841882,26.18796375882973,53.48269501860882,3.9577347225972996,4.875234844477534,5.217845858407993,5.231478320124874,5.3249097715913765,4.120065767837404,3.825029887056361,3015.1882199649885,804.7435101863571,1.9250737316374713,0.10915608397194203,0.036402246353718144,-0.09907800654650206,122.76785714285714,ΔΕΡΜΙΤΖΟΓΙ
0.19110699,0.22441955,0.19365525,0.14146179,0.12338067,0.054892164,0.14906684,0.17870508,0.2656356,0.16283251,0.36120784,0.537069,0.13863151,0.2005986,0.12909277,0.13198112,0.14309593,0.0793722,0.122123644,0.1837731,0.19098754,0.13807581,0.1315817,0.15923674,-322.72458,133.63559,-57.181522,20.187567,-3.0080216,-17.977571,-6.135808,-19.298767,-14.045552,-12.198407,-17.632061,-11.682214,-2.640076,48.141354,23.369286,17.881243,15.734199,13.397418,9.498832,8.183147,7.6266847,6.518042,13.089234,9.946743,7.5166273,10.066469,1508.3825697524446,362.9021577453946,0.7495534988007138,24.037776605310068,22.764454370200784,28.129874716542925,27.307055133281455,27.010731346736357,27.318921508491943,52.180241336185404,4.630295250801384,4.9491305633186045,5.069935983209745,4.800325592452208,4.240291358221392,4.2463862293915,4.643693512426965,2752.376459123019,661.4090705647006,0.7783616787794918,0.08727760937141052,0.03739402462197492,0.9658132038074047,117.1875,ΑΝΔΡΕΑΣ ΡΟ
